fichier,idees
Loi Alur 2024 - Déontologie - 12 décembre 2024,"Les agents immobiliers doivent respecter un code de déontologie strict, encadré par des normes législatives et réglementaires. | La loi Allure a introduit une obligation déontologique pour les professions immobilières pour mieux réguler la profession. | La déontologie dans l'immobilier est un ensemble de règles de conduite obligatoires, distinctes de l'éthique personnelle. | Enfreindre les règles déontologiques dans l'immobilier peut entraîner des sanctions sévères, similaires à celles pour infractions légales. | Les agents immobiliers doivent être transparents sur les conditions et caractéristiques des biens immobiliers qu'ils gèrent. | Il est crucial pour les agents immobiliers de maintenir une bonne relation professionnelle avec les clients et les autres professionnels du secteur. | Les agents immobiliers doivent continuellement se former pour rester informés des évolutions législatives et réglementaires qui affectent leur profession. | Les agents immobiliers doivent s'assurer que leurs pratiques commerciales et publicitaires sont honnêtes et ne trompent pas les clients. | Les sanctions pour non-respect des règles déontologiques peuvent inclure des amendes, des suspensions ou des interdictions d'exercer. | Il est essentiel pour les agents immobiliers de comprendre et d'appliquer correctement les règles de déontologie pour protéger leurs clients et leur propre réputation professionnelle."
Loi Alur 2024 - L'Urbanisme - 21 novembre 2024,"Les infractions d'urbanisme peuvent entraîner des sanctions civiles, administratives et pénales pour le vendeur, l'acquéreur, l'agent immobilier et le notaire. | Le vendeur est tenu d'informer l'acquéreur de toutes les irrégularités affectant le bien et peut être tenu responsable pour omission d'information. | L'acquéreur peut être contraint de régulariser ou de démolir des constructions non conformes, même après l'achat du bien. | L'agent immobilier doit vérifier la conformité du bien avec les règles d'urbanisme et informer l'acquéreur de toute irrégularité. | Le notaire doit s'assurer de la conformité des actes avec les règles d'urbanisme et informer toutes les parties des irrégularités. | Les prescriptions pour les infractions d'urbanisme varient : 6 ans pour les poursuites pénales et 10 ans pour les actions administratives. | Les actions administratives ou judiciaires peuvent interrompre le délai de prescription et le faire repartir à zéro. | En cas de non-respect des règles d'urbanisme, la régularisation peut être demandée, mais certaines infractions, notamment en zones protégées, sont imprescriptibles. | Les mandats de vente doivent clairement stipuler les responsabilités du vendeur concernant la conformité du bien avec les règles d'urbanisme. | Les agents immobiliers et les notaires peuvent utiliser des clauses spécifiques dans les mandats et les actes pour limiter les risques liés aux irrégularités d'urbanisme."
Loi Alur 2024 - Non Discrimination - 19 décembre 2024,"La discrimination en droit français se définit comme toute distinction, exclusion ou restriction basée sur un critère prohibé compromettant l'égalité de traitement entre individus. | Les critères de discrimination prohibés incluent l'origine, le sexe, la situation familiale, l'apparence physique, entre autres, et s'appliquent également dans le secteur immobilier. | Les agents immobiliers doivent éviter tout comportement discriminatoire et veiller à ce que leurs partenaires et clients respectent également ces principes. | Il est interdit de refuser l'accès à un logement ou de rejeter une candidature locative sur la base de critères discriminatoires. | Les transactions immobilières doivent se baser sur des critères objectifs et licites, tels que la solvabilité économique des candidats. | Les sanctions pour discrimination peuvent inclure des amendes, des peines de prison, et des interdictions d'exercer pour les professionnels du secteur immobilier. | Les agents immobiliers ont une obligation de vigilance et de formation continue sur les lois anti-discrimination pour se conformer aux régulations et éviter les sanctions. | La rédaction des annonces immobilières doit être neutre et éviter toute formulation qui pourrait être interprétée comme discriminatoire. | Les agents immobiliers doivent informer et éduquer les propriétaires et bailleurs sur les obligations légales anti-discriminatoires et les conséquences du non-respect de ces lois. | En cas de discrimination avérée, les contrats peuvent être annulés et des dommages-intérêts peuvent être exigés pour réparer le préjudice subi par les victimes."
Loi Alur 2024 - Performance Energétique - 17 décembre 2024,"Réorganiser les formations annuelles pour éviter la redondance et améliorer l'engagement. | Intégrer des sujets de formation obligatoires comme la déontologie et Tracfin dans le contenu renouvelé pour maintenir la conformité réglementaire. | Utiliser des thèmes de formation pour aborder des sujets complexes comme les aides à la rénovation énergétique, en les rendant plus accessibles et compréhensibles. | Proposer des formations ciblées sur des aides financières spécifiques pour aider les clients à naviguer dans le ""maquis"" des options disponibles. | Inclure des sessions de formation sur des sujets moins connus ou nouveaux pour maintenir les compétences des employés à jour. | Offrir des ressources complémentaires, comme des PDF téléchargeables, pour approfondir les sujets traités en visioconférence. | Adapter le contenu des formations en fonction des retours des participants pour améliorer l'efficacité des sessions futures. | Explorer des formats interactifs pour les formations, comme des Q&A ou des workshops, pour augmenter l'interaction et l'engagement. | Mettre en place un suivi post-formation pour évaluer l'application des connaissances et ajuster les programmes en conséquence. | Intégrer des études de cas réels dans les formations pour illustrer l'application pratique des concepts abordés."
Loi Alur 2024 - Portefeuille de Mandats - 5 décembre 2024,"Utiliser des visites virtuelles pour tous les mandats, y compris les biens moins attractifs, pour aider à la vente. | Fixer des objectifs de vente réalistes et mesurables pour chaque agent, en tenant compte de leur portefeuille de mandats. | Utiliser des outils comme Tactikimo pour la recherche cadastrale afin d'identifier les propriétés à vendre et améliorer la prospection physique. | Organiser des formations régulières sur l'utilisation efficace des outils numériques disponibles, comme les visites virtuelles et les plateformes de gestion de mandats. | Encourager la participation à des réseaux d'affaires locaux ou des clubs pour augmenter la visibilité et les opportunités de networking. | Proposer des mandats premium avec des services supplémentaires comme une plus grande visibilité sur les plateformes de vente pour attirer des mandats exclusifs. | Réaliser des analyses de marché régulières pour ajuster les stratégies de vente et de marketing en fonction des tendances actuelles du marché immobilier. | Mettre en place des challenges internes pour stimuler la compétition et l'effort collectif dans l'acquisition de nouveaux mandats. | Offrir des formations sur la législation immobilière pour s'assurer que tous les agents sont à jour sur les pratiques conformes et efficaces. | Utiliser des newsletters et des mises à jour régulières pour informer les clients potentiels et existants des nouvelles listings et des informations du marché."
Loi Alur 2024 - Recherche Cadastrale - 10 décembre 2024,"Utiliser l'outil de recherche cadastrale TAPTICIMO pour localiser précisément des biens immobiliers annoncés par des particuliers. | Exploiter les API gouvernementales pour accéder aux données cadastrales et croiser ces informations avec les annonces immobilières. | Vérifier la pertinence des informations fournies dans les annonces en les recoupant avec les données cadastrales pour une meilleure précision dans la localisation des biens. | Utiliser l'outil TAPTICIMO pour extraire et analyser les informations des annonces, y compris le texte libre rédigé par les propriétaires. | Naviguer efficacement dans l'interface de TAPTICIMO pour accéder aux fonctionnalités de recherche cadastrale et de prospection immobilière. | Comprendre l'importance de la formation continue sur les outils comme TAPTICIMO pour maintenir les compétences professionnelles à jour. | Reconnaître les limites de l'outil en cas d'informations erronées ou incomplètes fournies par les vendeurs dans les annonces. | Adapter les recherches en modifiant les critères selon les besoins spécifiques, comme le nombre de parcelles ou la localisation géographique. | Utiliser stratégiquement l'outil pour identifier des opportunités immobilières non apparentes sur les plateformes traditionnelles. | Intégrer cet outil dans une stratégie globale de prospection et de validation des biens immobiliers pour optimiser les résultats commerciaux."
Loi Alur 2024 - Tracfin - 28 novembre 2024,"Assurez-vous de suivre la formation Tracfin obligatoire pour comprendre les obligations légales en matière de lutte contre le blanchiment d'argent. | Utilisez des plateformes comme Eglantine pour gérer les inscriptions aux formations et visioconférences, simplifiant ainsi le processus administratif. | Incorporez des systèmes de gestion en ligne pour permettre aux agents de s'inscrire directement aux événements, réduisant le besoin d'intermédiaires. | Mettez à jour régulièrement les programmes de formation disponibles sur les plateformes en ligne pour assurer la conformité continue avec les lois en vigueur. | Fournissez des documents de formation et des supports pédagogiques en ligne pour faciliter l'accès et la compréhension des sujets obligatoires. | Organisez des réunions et des formations en personne pour discuter des sujets complexes et permettre un échange direct avec les experts. | Documentez et archivez toutes les formations et participations pour répondre aux exigences légales de formation continue dans le secteur immobilier. | Intégrez des thèmes de formation obligatoires, comme la déontologie et la performance énergétique, dans le programme annuel pour assurer une couverture complète des sujets requis. | Encouragez la communication et le partage d'informations sur les formations à travers des groupes de discussion en ligne comme Facebook pour renforcer la communauté professionnelle. | Préparez et partagez des plans de cours détaillés pour chaque formation, en utilisant des supports visuels et des textes clairs pour améliorer l'apprentissage."
Visio Questions-Réponses du 10 avril 2025,"Proposer la mise en relation avec un courtier ou un banquier fiable pour valider la capacité d'emprunt de l'acquéreur avant de faire une offre. | Conseiller au client de préparer les documents nécessaires pour le prêt, tels que les relevés bancaires, avis d'imposition, et bulletins de salaire, mais ne pas les collecter soi-même. | Informer clairement le client qu'il n'est pas obligé de passer par le courtier ou le banquier recommandé et qu'il peut choisir son propre prestataire. | Surveiller le processus de demande de prêt sans s'immiscer dans les détails financiers ou donner un avis sur la solvabilité. | S'assurer que la condition suspensive de prêt dans le compromis de vente inclut une durée maximale, un taux maximal et un montant maximal. | Ajouter des obligations de diligence dans la condition suspensive, comme une période maximale pour déposer le dossier de prêt et un nombre minimal de dépôts dans différents établissements bancaires. | Ne jamais remplir de formulaires bancaires, transmettre des documents financiers, ou faire des demandes de prêt pour le client. | Éviter de donner des avis écrits ou oraux sur la capacité d'emprunt du client ou sur les conditions de prêt. | Identifier et maintenir des relations avec plusieurs partenaires financiers pour offrir des options aux clients et renforcer la crédibilité professionnelle. | Déclarer toute rémunération reçue de partenaires financiers lorsqu'un prêt est accordé grâce à une recommandation, en respectant les exigences de transparence."
Visio Questions-Réponses du 13 février 2025,"Vérifier le Plan Local d'Urbanisme (PLU) pour connaître la zone du terrain (constructible, non constructible, agricole, etc.). | Demander un certificat d'urbanisme pour confirmer les possibilités de construction et les règles d'urbanisme applicables. | Examiner le titre de propriété ou l'attestation notariée pour identifier les servitudes ou restrictions. | Consulter le cadastre pour vérifier les limites exactes de la parcelle et l'existence de constructions non déclarées comme des piscines. | Obtenir les documents justifiant de la viabilisation du terrain (eau, électricité, assainissement). | Réaliser une étude des risques naturels et technologiques via l'état des risques et pollutions (ERP) pour informer les potentiels acheteurs des risques associés. | Si situé en zone à risque de retrait-gonflement des argiles, s'assurer que les études de sol nécessaires (G1, G2) sont disponibles ou les réaliser. | Pour les terrains en lotissement, s'assurer que le terrain est viabilisé conformément aux normes et que les permis d'aménager ont été obtenus. | Pour les terrains agricoles ou forestiers, vérifier les droits de préemption éventuels de la SAFER ou d'autres organismes. | Utiliser des outils technologiques comme les QR codes pour faciliter l'accès aux informations du bien lors de la commercialisation."
Visio Questions-Réponses du 13 mars 2025,"Utiliser un outil d'édition automatique d'attestation de mandat pour optimiser le processus de vente. | Encourager la généralisation des mandats électroniques pour une gestion plus efficace et sécurisée. | Féliciter publiquement les agents pour leurs premières ventes afin de motiver et de valoriser leur travail. | Souligner l'importance d'augmenter le nombre de mandats pour accroître les chances de succès commercial. | Adapter les stratégies de portefeuille de mandats en fonction des conditions du marché, même en période de crise. | Utiliser des outils numériques pour faciliter la communication des informations essentielles aux notaires, comme les attestations de mandat. | Privilégier les mandats électroniques pour une meilleure fiabilité et facilité de gestion. | Être vigilant avec la documentation fournie aux notaires pour éviter les complications lors de la vente. | Continuer à tester et à améliorer les outils utilisés pour la gestion des mandats afin d'assurer leur efficacité. | Encourager la collaboration et la communication régulière entre les agents pour partager les meilleures pratiques et les succès."
Visio Questions-Réponses du 16 janvier 2025,Les logements classés G ne sont plus louables à partir du 1er janvier 2025. | Les propriétaires doivent réaliser des travaux d'amélioration énergétique pour les logements classés G. | Les audits énergétiques sont obligatoires pour les ventes de biens classés E. | Les diagnostics de performance énergétique (DPE) doivent être conformes à la norme du 1er juillet 2021. | Les propriétaires doivent fournir un DPE à jour lors de la location ou de la vente d'un bien. | Les baux signés avant le 31 décembre 2024 pour les biens classés E ne nécessitent pas d'audit énergétique. | Les agents immobiliers doivent informer les clients des obligations liées au logement décent et à l'audit énergétique. | Les agents immobiliers doivent s'assurer que les biens à vendre ou à louer respectent les critères de logement décent. | Les agents immobiliers doivent encourager les propriétaires à effectuer les travaux nécessaires pour respecter les normes énergétiques. | Les agents immobiliers doivent être prêts à fournir des audits énergétiques aux acquéreurs potentiels avant qu'ils ne fassent une offre.
Visio Questions-Réponses du 24 avril 2025,"Utiliser des logiciels de visioconférence avec un lien unique pour faciliter l'accès aux réunions et améliorer la communication interne. | Mettre à jour régulièrement les systèmes de visioconférence pour s'assurer de leur fonctionnalité pendant les périodes de non-utilisation, comme les vacances d'été. | Assurer la mise à jour des informations sur les plateformes en ligne pour éviter la confusion parmi les utilisateurs et les clients. | Purger régulièrement le cache du navigateur pour s'assurer que les utilisateurs voient les versions les plus récentes des pages web. | Inclure le numéro de mandat dans toutes les communications pour faciliter le suivi des dossiers et améliorer l'efficacité administrative. | Exiger des documents de haute qualité (bien scannés ou en format PDF) pour les transactions et communications professionnelles afin de maintenir un niveau élevé de professionnalisme. | Utiliser des dossiers commerciaux électroniques avec QR codes pour faciliter l'accès à l'information et améliorer l'expérience client. | Adapter les dossiers commerciaux pour qu'ils excluent les informations confidentielles lorsqu'ils sont partagés avant les visites officielles. | Intégrer les dernières données sur les frais de notaire dans les dossiers commerciaux pour fournir des estimations précises aux clients. | Résoudre rapidement les problèmes techniques avec des partenaires externes, comme les problèmes d'affichage sur des sites tiers, pour maintenir une présence en ligne efficace et professionnelle."
Visio Questions-Réponses du 27 mars 2025,"Utiliser des maquettes interactives pour illustrer la méthode de travail auprès des vendeurs potentiels. | Proposer des maquettes interactives aux restaurants et autres commerces locaux pour développer un réseau de partenariats. | Réutiliser un faux mandat premium pour plusieurs maquettes afin de simplifier la gestion des documents. | Prendre des photos des extérieurs des propriétés en vente, en veillant à ne pas rendre l'emplacement reconnaissable. | Mettre à jour les photos des maquettes interactives pour refléter les changements saisonniers ou les améliorations apportées à la propriété. | Expliquer clairement aux clients l'intérêt mutuel des maquettes interactives, en soulignant que ce n'est pas un service gratuit mais un échange de valeur. | Vérifier la connexion avant de valider des informations importantes dans un système en ligne pour éviter la perte de données. | Être prêt à adopter des pratiques imposées par les régulateurs (comme la DGCCRF) pour éviter des sanctions. | Utiliser des panneaux ""Vendu"" pour attirer de nouveaux vendeurs, tout en évitant les panneaux ""À vendre"" qui pourraient compromettre l'exclusivité. | Continuer à demander et à utiliser des feedbacks des clients pour améliorer les techniques de vente et de présentation."
