fichier,idee,start
-Visio Questions-Réponses - 13 février 2025,Revenir sur les spécificités de l'entrée de terrains dans le marché immobilier.,0
-Visio Questions-Réponses - 13 février 2025,Informer sur l'augmentation des frais de notaire déjà mise en place dans certains départements.,30
-Visio Questions-Réponses - 13 février 2025,Expliquer que l'augmentation des frais de notaire est une conséquence du projet de loi de finance adopté.,61
-Visio Questions-Réponses - 13 février 2025,Discuter des impacts négatifs de l'augmentation des frais de notaire sur le marché immobilier en crise.,111
-Visio Questions-Réponses - 13 février 2025,Critiquer la décision d'augmenter les frais de notaire malgré les effets adverses sur le secteur immobilier.,143
-Visio Questions-Réponses - 13 février 2025,"Clarifier que les frais de notaire sont majoritairement composés de taxes et impôts, et non des émoluments du notaire.",173
-Visio Questions-Réponses - 13 février 2025,Définir les frais de notaire comme droits de mutation à titre onéreux et préciser la nature des droits d'enregistrement.,210
-Visio Questions-Réponses - 13 février 2025,Expliquer que la taxe départementale est déterminée par l'emplacement du bien immobilier.,246
-Visio Questions-Réponses - 13 février 2025,"Mentionner que Paris a rapidement adopté l'augmentation de 0,5% de la taxe départementale en raison de ses déficits financiers.",295
-Visio Questions-Réponses - 13 février 2025,Anticiper que d'autres départements pourraient adopter l'augmentation de la taxe départementale après réunion de leur conseil départemental.,330
-Visio Questions-Réponses - 13 février 2025,Explorer les incitations offertes aux primo-accédants dans différentes régions pour attirer de nouveaux résidents.,362
-Visio Questions-Réponses - 13 février 2025,Informer les primo-accédants des avantages financiers disponibles dans certaines villes de l'Allier.,393
-Visio Questions-Réponses - 13 février 2025,Clarifier la définition de primo-accédant pour inclure ceux qui n'ont pas été propriétaires depuis deux ans.,424
-Visio Questions-Réponses - 13 février 2025,Comprendre l'impact des frais d'agence sur le prix de vente final d'un bien immobilier.,455
-Visio Questions-Réponses - 13 février 2025,Calculer l'augmentation des coûts liés à l'achat immobilier due à l'inclusion des honoraires d'agence dans le prix de vente.,486
-Visio Questions-Réponses - 13 février 2025,Évaluer l'impact potentiel des augmentations des frais de notaire sur la fluidité du marché immobilier.,534
-Visio Questions-Réponses - 13 février 2025,Promouvoir l'interview de Julien sur la chaîne YouTube WeMove pour attirer l'attention sur des sujets spécifiques.,565
-Visio Questions-Réponses - 13 février 2025,Partager des informations précises sur les départements offrant des avantages aux primo-accédants pour une communication claire et efficace.,595
-Visio Questions-Réponses - 13 février 2025,Mettre à jour régulièrement les définitions et conditions pour les primo-accédants en fonction des changements de politique fiscale.,638
-Visio Questions-Réponses - 13 février 2025,Sensibiliser au rôle et aux défis des chasseurs immobiliers dans le marché immobilier actuel.,670
-Visio Questions-Réponses - 13 février 2025,Clarifier la différence entre agent immobilier et chasseur immobilier.,703
-Visio Questions-Réponses - 13 février 2025,Éviter de dénigrer les autres professionnels du secteur pour valoriser son propre rôle.,735
-Visio Questions-Réponses - 13 février 2025,Ne pas se distancer artificiellement de l'appellation d'agent immobilier si c'est le métier exercé.,767
-Visio Questions-Réponses - 13 février 2025,Reconnaître les limites économiques du modèle de chasseur immobilier en France.,802
-Visio Questions-Réponses - 13 février 2025,Comprendre que la prospection est essentielle même pour un chasseur immobilier.,833
-Visio Questions-Réponses - 13 février 2025,Utiliser des délégations de mandat ou conventions d'intercabinet pour collaborer avec d'autres agences.,873
-Visio Questions-Réponses - 13 février 2025,Établir des contrats de délégation de mandat pour collaborer avec d'autres agences.,1067
-Visio Questions-Réponses - 13 février 2025,Utiliser une convention d'intercabinet pour clarifier les termes de partage des honoraires et des responsabilités.,1097
-Visio Questions-Réponses - 13 février 2025,Signer les documents importants via signature électronique pour plus de simplicité et de sécurité.,1128
-Visio Questions-Réponses - 13 février 2025,Reconnaître les différences entre les agences immobilières et les chasseurs immobiliers dans les pratiques de partage des honoraires.,1159
-Visio Questions-Réponses - 13 février 2025,"Explorer des arrangements flexibles de partage des honoraires, comme le 60-40, dans des cas particuliers.",1201
-Visio Questions-Réponses - 13 février 2025,S'assurer que les honoraires sont clairement définis et partagés équitablement dans les mandats.,1248
-Visio Questions-Réponses - 13 février 2025,Éviter les pratiques illégales de surcharge des honoraires par des tiers non autorisés.,1292
-Visio Questions-Réponses - 13 février 2025,Vérifier la possession de la carte professionnelle pour toute personne impliquée dans des transactions immobilières.,1322
-Visio Questions-Réponses - 13 février 2025,Utiliser un notaire pour des transactions immobilières actives.,1430
-Visio Questions-Réponses - 13 février 2025,"Vérifier que le chasseur immobilier est soit agent immobilier, avocat, ou notaire.",1476
-Visio Questions-Réponses - 13 février 2025,S'assurer de la légalité du statut professionnel de son interlocuteur immobilier.,1506
-Visio Questions-Réponses - 13 février 2025,Confirmer que les honoraires du chasseur immobilier ne s'ajoutent pas illégalement aux honoraires existants.,1541
-Visio Questions-Réponses - 13 février 2025,Éviter les chasseurs immobiliers qui ne respectent pas les règles légales des agents immobiliers.,1576
-Visio Questions-Réponses - 13 février 2025,"Être vigilant avec les agents immobiliers qui ne suivent pas les pratiques standard, même si l'agence est en charge du vendeur.",1612
-Visio Questions-Réponses - 13 février 2025,Organiser efficacement les listes de participants pour faciliter la gestion des interactions en ligne.,1647
-Visio Questions-Réponses - 13 février 2025,Résoudre les problèmes techniques de communication audio lors des réunions virtuelles.,1677
-Visio Questions-Réponses - 13 février 2025,Assurer une communication fluide en vérifiant les paramètres de micro des participants.,1713
-Visio Questions-Réponses - 13 février 2025,Adapter les paramètres de l'hôte pour améliorer l'audibilité dans les conférences en ligne.,1744
-Visio Questions-Réponses - 13 février 2025,Vérifier les droits d'accès et les paramètres de l'organisateur en cas de problèmes audio dans les visioconférences.,1775
-Visio Questions-Réponses - 13 février 2025,Utiliser le chat pour la communication lorsque l'audio ne fonctionne pas correctement.,1862
-Visio Questions-Réponses - 13 février 2025,Encourager l'acceptation de partages de mandats pour favoriser la collaboration.,1898
-Visio Questions-Réponses - 13 février 2025,Exercer la prudence avec les chasseurs immobiliers et vérifier leur légitimité.,1929
-Visio Questions-Réponses - 13 février 2025,Effectuer des vérifications normales avant de collaborer avec d'autres agences.,1961
-Visio Questions-Réponses - 13 février 2025,Être conscient des problèmes potentiels avec certains agents d'IAD en raison de leur nombre élevé.,1991
-Visio Questions-Réponses - 13 février 2025,Discuter et clarifier les conditions de partage des mandats avec IAD pour éviter les malentendus.,2043
-Visio Questions-Réponses - 13 février 2025,"Répartir les commissions équitablement, 50% pour la lucarne et 50% pour IAD, indépendamment du nombre de négociateurs chez IAD.",2182
-Visio Questions-Réponses - 13 février 2025,"Ne pas accepter une répartition de commission de 33% chacun si on est trois, mais maintenir 50% pour la lucarne et 50% pour IAD.",2214
-Visio Questions-Réponses - 13 février 2025,Refuser de payer pour la mauvaise gestion interne d'une autre agence.,2245
-Visio Questions-Réponses - 13 février 2025,Ne pas ajouter des honoraires illégaux au-delà de ceux stipulés dans le mandat d'origine.,2282
-Visio Questions-Réponses - 13 février 2025,Permettre des visites exclusives par un agent externe sous certaines conditions.,2323
-Visio Questions-Réponses - 13 février 2025,Utiliser des outils de gestion interne pour sécuriser les informations et éviter les abus.,2355
-Visio Questions-Réponses - 13 février 2025,Utiliser le formulaire Eglantine pour choisir le nom du document de délégation.,2511
-Visio Questions-Réponses - 13 février 2025,Entrer le SIRET de l'agence partenaire dans le formulaire pour récupérer automatiquement ses informations.,2543
-Visio Questions-Réponses - 13 février 2025,Utiliser le lien fourni pour contourner le blocage de la CCI et récupérer manuellement le numéro de carte CCI.,2582
-Visio Questions-Réponses - 13 février 2025,Copier le numéro de carte CCI obtenu et le coller dans le formulaire approprié.,2613
-Visio Questions-Réponses - 13 février 2025,Saisir le prénom et l'email du signataire de l'agence partenaire pour la signature électronique.,2648
-Visio Questions-Réponses - 13 février 2025,"Signaler immédiatement les problèmes techniques, comme la limite de caractères pour les emails.",2680
-Visio Questions-Réponses - 13 février 2025,Ajuster la durée de la délégation selon la confiance accordée à l'agent partenaire.,2711
-Visio Questions-Réponses - 13 février 2025,Choisir le pourcentage de répartition des bénéfices entre les agences selon les cas particuliers.,2743
-Visio Questions-Réponses - 13 février 2025,Définir les limites spécifiques d'autorisation pour les visites et la publicité dans l'accord de délégation.,2776
-Visio Questions-Réponses - 13 février 2025,Respecter l'usage du nom de jeune fille pour les femmes dans les documents officiels.,2808
-Visio Questions-Réponses - 13 février 2025,Organiser des visites groupées avec plusieurs personnes.,2839
-Visio Questions-Réponses - 13 février 2025,Utiliser des adresses e-mail correctes pour envoyer des mandats en signature électronique.,2871
-Visio Questions-Réponses - 13 février 2025,Finaliser les tests pour l'outil de signature électronique.,2906
-Visio Questions-Réponses - 13 février 2025,Faciliter les processus internes sans contacter le support.,2938
-Visio Questions-Réponses - 13 février 2025,Vérifier et corriger les adresses e-mail pour assurer le fonctionnement des envois électroniques.,2969
-Visio Questions-Réponses - 13 février 2025,Permettre la flexibilité dans la répartition des commissions tout en justifiant les écarts.,3002
-Visio Questions-Réponses - 13 février 2025,Accepter des mandats avec des rémunérations variables en fonction des circonstances.,3034
-Visio Questions-Réponses - 13 février 2025,Justifier clairement toute dérogation à la règle de partage des commissions 50-50.,3065
-Visio Questions-Réponses - 13 février 2025,Gérer les délégations de mandat efficacement sans perturber les clients.,3098
-Visio Questions-Réponses - 13 février 2025,Assurer la confidentialité et la tranquillité des clients lors de la délégation de mandats.,3132
-Visio Questions-Réponses - 13 février 2025,Implémenter un suivi de l'avancement de la signature électronique.,3163
-Visio Questions-Réponses - 13 février 2025,Automatiser l'envoi des documents sans intervention manuelle.,3197
-Visio Questions-Réponses - 13 février 2025,Utiliser l'animation pour les intercabinets tant que l'outil de délégation n'est pas opérationnel.,3229
-Visio Questions-Réponses - 13 février 2025,Développer des outils permettant la signature électronique autonome.,3261
-Visio Questions-Réponses - 13 février 2025,Ne pas envoyer électroniquement le bon de visite pour des raisons juridiques.,3295
-Visio Questions-Réponses - 13 février 2025,Automatiser entièrement les processus pour réduire la dépendance au personnel d'animation.,3327
-Visio Questions-Réponses - 13 février 2025,Encourager les questions et interactions pendant les sessions vidéo.,3359
-Visio Questions-Réponses - 13 février 2025,Suivre et résoudre les problèmes de remboursement avec Olivier.,3394
-Visio Questions-Réponses - 13 février 2025,Étudier les spécificités de commercialisation des terrains en prenant en compte la loi Allure 2021.,3489
-Visio Questions-Réponses - 13 février 2025,"Ne pas négliger les opportunités de terrains en zones urbaines, même si elles semblent rares.",3525
-Visio Questions-Réponses - 13 février 2025,Préparer et nettoyer les documents de vente de terrain pour éviter les répétitions et clarifier l'information.,3558
-Visio Questions-Réponses - 13 février 2025,Définir les types de terrains (constructible ou non) et leurs spécificités de commercialisation.,3591
-Visio Questions-Réponses - 13 février 2025,Vérifier la qualification juridique et les servitudes d'un terrain avant de le mettre en vente.,3625
-Visio Questions-Réponses - 13 février 2025,Consulter le PLU pour déterminer si un terrain est constructible selon sa zone d'implantation.,3673
-Visio Questions-Réponses - 13 février 2025,Identifier les terrains dans la zone à urbaniser (AU) pour anticiper les futurs développements constructibles.,3707
-Visio Questions-Réponses - 13 février 2025,Reconnaître les zones agricoles (A) et naturelles (N) pour comprendre les restrictions d'urbanisation.,3748
-Visio Questions-Réponses - 13 février 2025,Être conscient des actions des municipalités concernant la gestion des espaces verts et naturels.,3790
-Visio Questions-Réponses - 13 février 2025,Comprendre les transformations potentielles des zones agricoles vers des zones urbanisables.,3856
-Visio Questions-Réponses - 13 février 2025,Utiliser des logiciels de recherche juridique pour collecter des exemples de condamnations liées à l'urbanisme.,3902
-Visio Questions-Réponses - 13 février 2025,Vérifier la constructibilité d'un terrain avant de procéder à une transaction immobilière.,3939
-Visio Questions-Réponses - 13 février 2025,Effectuer des vérifications préalables pour éviter des litiges lors de la commercialisation de terrains.,3970
-Visio Questions-Réponses - 13 février 2025,Demander un certificat d'urbanisme à la mairie pour confirmer le statut d'un terrain.,4000
-Visio Questions-Réponses - 13 février 2025,Obtenir un certificat d'urbanisme opérationnel pour des projets spécifiques.,4034
-Visio Questions-Réponses - 13 février 2025,Vérifier les servitudes et les droits de préemption via un notaire pour éviter les complications légales.,4064
-Visio Questions-Réponses - 13 février 2025,Utiliser des outils comme Géoportail pour visualiser les servitudes et les droits de passage.,4094
-Visio Questions-Réponses - 13 février 2025,S'assurer que chaque parcelle cadastrale ait un accès à la voie publique.,4207
-Visio Questions-Réponses - 13 février 2025,Vérifier l'accès à la voie publique pour éviter les parcelles enclavées.,4240
-Visio Questions-Réponses - 13 février 2025,Obtenir un droit de passage pour les parcelles enclavées.,4284
-Visio Questions-Réponses - 13 février 2025,Assurer l'accès aux terrains enclavés sans restriction d'usage.,4315
-Visio Questions-Réponses - 13 février 2025,Informer les acheteurs de toute servitude de passage existante.,4346
-Visio Questions-Réponses - 13 février 2025,Clarifier les droits de passage avec les nouveaux propriétaires pour éviter les conflits.,4377
-Visio Questions-Réponses - 13 février 2025,Vérifier les servitudes lors de l'achat pour éviter les litiges futurs.,4407
-Visio Questions-Réponses - 13 février 2025,"Examiner les titres de propriété pour les servitudes non enregistrées, surtout en milieu rural.",4445
-Visio Questions-Réponses - 13 février 2025,Étudier minutieusement les titres de propriété pour identifier les servitudes.,4480
-Visio Questions-Réponses - 13 février 2025,Interroger le vendeur sur les servitudes non apparentes dans le titre de propriété.,4511
-Visio Questions-Réponses - 13 février 2025,Consolider les questions de servitudes dans les mandats.,4544
-Visio Questions-Réponses - 13 février 2025,Utiliser Géoportail pour vérifier les servitudes environnementales.,4576
-Visio Questions-Réponses - 13 février 2025,Comprendre que les droits de préemption sont souvent exercés par les communes.,4613
-Visio Questions-Réponses - 13 février 2025,Reconnaître le rôle de la SAFER dans la gestion des terres agricoles.,4647
-Visio Questions-Réponses - 13 février 2025,Consulter le notaire local pour s'informer sur les droits de préemption.,4695
-Visio Questions-Réponses - 13 février 2025,Vérifier auprès du notaire les droits de préemption avant d'acheter un bien.,4727
-Visio Questions-Réponses - 13 février 2025,Prendre en compte le droit de préemption de la SAFER lors de l'achat de terrains agricoles.,4765
-Visio Questions-Réponses - 13 février 2025,Informer les acheteurs des droits de préemption pour éviter des compensations financières.,4798
-Visio Questions-Réponses - 13 février 2025,Considérer l'impact des facteurs locaux sur le prix des terrains.,4833
-Visio Questions-Réponses - 13 février 2025,Comparer les valeurs des terrains en fonction de leur constructibilité et localisation.,4878
-Visio Questions-Réponses - 13 février 2025,Vérifier les certificats d'urbanisme et servitudes avant d'acheter un terrain.,4920
-Visio Questions-Réponses - 13 février 2025,Comprendre les différences entre terrains constructibles et non constructibles.,4951
-Visio Questions-Réponses - 13 février 2025,Identifier les zones où la construction est immédiatement ou prochainement possible.,4984
-Visio Questions-Réponses - 13 février 2025,Prévoir la viabilisation des zones à urbaniser prochainement.,5038
-Visio Questions-Réponses - 13 février 2025,Planifier l'aménagement et la viabilisation complète dans les zones non encore équipées.,5070
-Visio Questions-Réponses - 13 février 2025,Respecter les règles spécifiques des terrains en lotissement.,5102
-Visio Questions-Réponses - 13 février 2025,Prévoir les infrastructures nécessaires dans un nouveau lotissement.,5145
-Visio Questions-Réponses - 13 février 2025,Obtenir un permis d'aménager pour les lotissements et respecter un cahier des charges spécifique.,5176
-Visio Questions-Réponses - 13 février 2025,Appliquer des normes d'urbanisme spécifiques dans les lotissements.,5212
-Visio Questions-Réponses - 13 février 2025,Assurer la viabilisation et la construction des infrastructures par le lotisseur avant la vente.,5247
-Visio Questions-Réponses - 13 février 2025,Vérifier la viabilisation complète des terrains avant achat.,5286
-Visio Questions-Réponses - 13 février 2025,Connaître les catégories de terrains non constructibles pour éviter les surévaluations.,5322
-Visio Questions-Réponses - 13 février 2025,Identifier les zones agricoles du PLU pour comprendre les restrictions de construction.,5358
-Visio Questions-Réponses - 13 février 2025,Explorer les possibilités de constructions agricoles autorisées par la mairie.,5395
-Visio Questions-Réponses - 13 février 2025,Considérer l'installation de panneaux photovoltaïques sur les hangars agricoles pour une source de revenu supplémentaire.,5428
-Visio Questions-Réponses - 13 février 2025,Justifier concrètement le besoin professionnel d'une construction agricole lors de la demande de permis.,5474
-Visio Questions-Réponses - 13 février 2025,Prendre en compte le droit de préemption de la SAFER lors de l'achat de terrains agricoles.,5511
-Visio Questions-Réponses - 13 février 2025,Être conscient des implications des baux ruraux lors de l'achat de terrains exploités agricolement.,5554
-Visio Questions-Réponses - 13 février 2025,Vérifier la zonage du terrain avant achat pour éviter les litiges.,5667
-Visio Questions-Réponses - 13 février 2025,Assurer la transparence sur les restrictions de zonage avec les acheteurs.,5698
-Visio Questions-Réponses - 13 février 2025,Informer clairement les acheteurs sur les restrictions de construction et de défrichement.,5730
-Visio Questions-Réponses - 13 février 2025,"Vendre activement des terrains forestiers et boisés, car ils sont fréquemment demandés.",5769
-Visio Questions-Réponses - 13 février 2025,Respecter les réglementations environnementales strictes pour les terrains en zone N.,5805
-Visio Questions-Réponses - 13 février 2025,Préparer un dossier complet pour toute demande de défrichement ou de construction à soumettre à la préfecture.,5835
-Visio Questions-Réponses - 13 février 2025,Connaître les organismes de gestion et de préemption comme l'OFB et le Conservatoire du Littoral.,5868
-Visio Questions-Réponses - 13 février 2025,Éviter les activités illégales sur les terrains protégés pour prévenir les sanctions judiciaires.,5899
-Visio Questions-Réponses - 13 février 2025,Restaurer les zones endommagées conformément aux exigences légales pour éviter les pénalités.,5933
-Visio Questions-Réponses - 13 février 2025,Commercialiser des terrains de loisirs pour des activités récréatives non destructives.,5995
-Visio Questions-Réponses - 13 février 2025,Éviter les installations fixes sur les terrains de loisirs et respecter les règles saisonnières.,6031
-Visio Questions-Réponses - 13 février 2025,Obtenir des dérogations municipales pour des structures temporaires comme des chalets démontables.,6062
-Visio Questions-Réponses - 13 février 2025,Demander une autorisation d'aménagement pour des campings saisonniers en zones protégées.,6095
-Visio Questions-Réponses - 13 février 2025,Respecter les périodes autorisées pour les installations temporaires pour éviter des sanctions légales.,6136
-Visio Questions-Réponses - 13 février 2025,Être conscient des risques associés aux terrains en zones inondables ou à risque naturel.,6166
-Visio Questions-Réponses - 13 février 2025,Éviter toute construction dans les zones rouges déclarées inhabitable suite à des risques naturels.,6197
-Visio Questions-Réponses - 13 février 2025,Réaliser des études géotechniques obligatoires pour les terrains en zones d'instabilité.,6229
-Visio Questions-Réponses - 13 février 2025,Souscrire à une assurance spécifique pour les terrains exposés à des risques majeurs.,6260
-Visio Questions-Réponses - 13 février 2025,Vérifier l'information sur les zones inondables lors de transactions immobilières.,6341
-Visio Questions-Réponses - 13 février 2025,Comprendre les restrictions de vente et de construction sur les terrains militaires et aéroportuaires.,6372
-Visio Questions-Réponses - 13 février 2025,Obtenir un déclassement administratif pour les terrains inaliénables.,6408
-Visio Questions-Réponses - 13 février 2025,Suivre les procédures de déclassement officiel pour construire sur des terrains avec contraintes spécifiques.,6441
-Visio Questions-Réponses - 13 février 2025,Prendre en compte les servitudes industrielles et militaires dans les zones industrielles.,6472
-Visio Questions-Réponses - 13 février 2025,Vérifier les servitudes aéronautiques avant d'acheter un terrain près des aéroports.,6507
-Visio Questions-Réponses - 13 février 2025,Évaluer les risques financiers liés aux terrains non constructibles.,6538
-Visio Questions-Réponses - 13 février 2025,Se familiariser avec les différents types de terrains non constructibles.,6570
-Visio Questions-Réponses - 13 février 2025,Vérifier systématiquement le Plan Local d'Urbanisme (PLU) avant de prendre un mandat.,6609
-Visio Questions-Réponses - 13 février 2025,Demander un certificat d'urbanisme pour confirmer les possibilités de construction sur un terrain.,6643
-Visio Questions-Réponses - 13 février 2025,Demander le certificat d'urbanisme d'information pour confirmer les informations initiales.,6680
-Visio Questions-Réponses - 13 février 2025,"Toujours demander le titre de propriété pour avoir des détails complets, y compris les servitudes.",6710
-Visio Questions-Réponses - 13 février 2025,Utiliser l'attestation de propriété si le titre de propriété n'est pas disponible.,6741
-Visio Questions-Réponses - 13 février 2025,Consulter systématiquement le cadastre pour vérifier les limites de la parcelle.,6785
-Visio Questions-Réponses - 13 février 2025,Utiliser le site Géoportail Cadastre pour une meilleure expérience utilisateur lors de la consultation cadastrale.,6816
-Visio Questions-Réponses - 13 février 2025,Utiliser les outils de mesure sur les plateformes cadastrales pour obtenir des mesures précises des parcelles.,6848
-Visio Questions-Réponses - 13 février 2025,Vérifier si les structures comme les piscines et cabanes de jardin sont déclarées au cadastre.,7022
-Visio Questions-Réponses - 13 février 2025,Utiliser TactiKimo pour vérifier les déclarations cadastrales partout en France.,7054
-Visio Questions-Réponses - 13 février 2025,S'assurer que les dimensions des piscines déclarées correspondent aux dimensions réelles.,7086
-Visio Questions-Réponses - 13 février 2025,Vérifier l'urbanisme et le cadastre avant de prendre un mandat pour éviter des problèmes lors de la vente.,7121
-Visio Questions-Réponses - 13 février 2025,Utiliser les ressources en ligne pour consulter le cadastre et obtenir des certificats d'urbanisme sans se déplacer.,7154
-Visio Questions-Réponses - 13 février 2025,Intégrer GeoRisks à Eglantine pour faciliter l'accès aux informations sur les risques environnementaux.,7188
-Visio Questions-Réponses - 13 février 2025,Télécharger les rapports de risques depuis le site de la préfecture ou via un QR code intégré dans les bons de visite.,7222
-Visio Questions-Réponses - 13 février 2025,Attendre l'amélioration de la compatibilité entre GeoRisk et Eglantine pour une meilleure intégration des QR codes.,7257
-Visio Questions-Réponses - 13 février 2025,Sensibiliser les utilisateurs à l'existence et l'utilisation des QR codes dans Eglantine pour accéder à des informations supplémentaires.,7298
-Visio Questions-Réponses - 13 février 2025,Promouvoir l'exclusivité des mandats comme un modèle de rigueur et de professionnalisme dans l'agence.,7335
-Visio Questions-Réponses - 13 février 2025,Utiliser des QR codes haute définition pour la promotion sur divers supports comme les flyers et les véhicules.,7365
-Visio Questions-Réponses - 13 février 2025,Assurer que les QR codes mènent à des fiches produits détaillées avec des informations complètes sur le bien.,7395
-Visio Questions-Réponses - 13 février 2025,Intégrer des QR codes sur tous les produits listés dans Aiglantine pour faciliter l'accès aux visites virtuelles ou fiches produits.,7425
-Visio Questions-Réponses - 13 février 2025,Exploiter des QR codes sur des sets de table dans les restaurants pour promouvoir les produits immobiliers.,7465
-Visio Questions-Réponses - 13 février 2025,Vérifier la présence et la visibilité des QR codes sur les supports de marketing utilisés.,7496
-Visio Questions-Réponses - 13 février 2025,Régulariser immédiatement tout bien découvert qui n'était pas déclaré initialement.,7529
-Visio Questions-Réponses - 13 février 2025,"S'assurer que les informations importantes comme les QR codes sont facilement trouvables, spécifiquement sur la première page des mandats.",7560
-Visio Questions-Réponses - 13 février 2025,Informer et demander de l'aide en cas de découverte d'irrégularités d'urbanisme pour procéder à leur régularisation.,7592
-Visio Questions-Réponses - 13 février 2025,Utiliser des QR codes pour accéder à des informations sur les risques environnementaux et urbanistiques liés aux propriétés.,7627
-Visio Questions-Réponses - 13 février 2025,"Être vigilant et vérifier la conformité environnementale des terrains, notamment en cas de pollution non déclarée.",7659
-Visio Questions-Réponses - 13 février 2025,Vérifier si un terrain est en zone de retrait gonflement des argiles à risque moyen ou fort.,7689
-Visio Questions-Réponses - 13 février 2025,Utiliser le site Géoris pour identifier les zones à risque de retrait gonflement des argiles.,7719
-Visio Questions-Réponses - 13 février 2025,Demander les études de sol nécessaires pour les terrains en zones à risque.,7761
-Visio Questions-Réponses - 13 février 2025,S'assurer que les études de sol G1 et G2 sont réalisées pour les terrains à risque.,7795
-Visio Questions-Réponses - 13 février 2025,Exiger les justificatifs de viabilisation et de raccordement lors de l'achat d'un terrain.,7827
-Visio Questions-Réponses - 13 février 2025,Fournir l'attestation de raccordement au réseau et l'étude de viabilisation si nécessaire.,7867
-Visio Questions-Réponses - 13 février 2025,Être vigilant sur le défaut d'information pour éviter des coûts imprévus et des condamnations judiciaires.,7905
-Visio Questions-Réponses - 13 février 2025,"Préparer des documents détaillés et informatifs pour les clients, incluant des conseils spécifiques pour la commercialisation de terrains.",7941
-Visio Questions-Réponses - 13 février 2025,Recontacter Julien demain pour discuter des dossiers de tutelle.,8035
-Visio Questions-Réponses - 13 février 2025,Vérifier les caractéristiques du terrain pour déterminer le type de droit de passage applicable.,8068
-Visio Questions-Réponses - 13 février 2025,Assurer que l'utilisation de véhicules sur un droit de passage soit justifiée par l'usage normal du terrain.,8103
-Visio Questions-Réponses - 13 février 2025,Négocier les droits de passage pour les terrains enclavés existants.,8134
-Visio Questions-Réponses - 13 février 2025,Prévoir les coûts associés aux droits de passage et aux servitudes lors de l'achat de terrains.,8167
-Visio Questions-Réponses - 13 février 2025,"Laisser les frais de géométrie et de découpage des parcelles à la charge du vendeur, sauf demande spécifique de l'acquéreur.",8198
-Visio Questions-Réponses - 13 février 2025,Intervenir activement dans les démarches de vente pour accélérer le processus.,8233
-Visio Questions-Réponses - 13 février 2025,Prendre en charge les démarches administratives sans frais associés pour faciliter la vente.,8264
-Visio Questions-Réponses - 13 février 2025,Utiliser les statistiques de visites virtuelles pour avantager la négociation avec le vendeur.,8294
-Visio Questions-Réponses - 13 février 2025,Exploiter activement les outils de marketing en ligne pour augmenter l'attrait des propriétés listées.,8326
-Visio Questions-Réponses - 13 février 2025,Vérifier la présence des QR codes en page 1 des mandats.,8358
-Visio Questions-Réponses - 13 février 2025,Envisager l'élargissement des servitudes pour les véhicules modernes si nécessaire.,8389
-Visio Questions-Réponses - 13 février 2025,Confirmer l'emplacement des annonces immobilières sur la première page.,8436
-Visio Questions-Réponses - 13 février 2025,Assurer la visibilité des QR codes sur toutes les annonces.,8474
-Visio Questions-Réponses - 13 février 2025,Répondre rapidement aux problèmes signalés par les utilisateurs.,8507
-Visio Questions-Réponses - 13 février 2025,Effectuer des modifications techniques immédiates en cas d'erreurs signalées.,8538
-Visio Questions-Réponses - 13 février 2025,Garantir que les fonctionnalités sont pleinement opérationnelles après les tests.,8571
-Visio Questions-Réponses - 13 février 2025,Inclure des QR codes pour tous types de biens immobiliers.,8611
-Visio Questions-Réponses - 13 février 2025,Assurer la fonctionnalité des QR codes même pour les produits non disponibles.,8645
-Visio Questions-Réponses - 13 février 2025,Maintenir les informations essentielles accessibles via QR code pour les annonces actives.,8676
-Visio Questions-Réponses - 13 février 2025,Utiliser une photocube ou une visite virtuelle pour tous les produits.,8710
-Visio Questions-Réponses - 13 février 2025,Rappeler les contacts dans les jours à venir.,8742
-Visio Questions-Réponses - 13 février 2025,Offrir du soutien émotionnel aux amis en déprime.,8775
-Visio Questions-Réponses - 13 février 2025,Réitérer l'importance de la fréquence des rencontres pour maintenir les relations.,8807
-Visio Questions-Réponses - 13 février 2025,Fournir un récapitulatif spécifique au sujet traité lors de la réunion.,8838
-Visio Questions-Réponses - 13 mars 2025,Utiliser l'outil d'édition automatique d'attestation de mandat.,0
-Visio Questions-Réponses - 13 mars 2025,"Féliciter les membres de l'équipe pour leurs réussites, comme les premières ventes.",30
-Visio Questions-Réponses - 13 mars 2025,Augmenter activement le nombre de mandats pour booster le succès commercial.,62
-Visio Questions-Réponses - 13 mars 2025,"Prioriser l'acquisition de tous types de mandats, indépendamment de leur qualité.",93
-Visio Questions-Réponses - 13 mars 2025,Utiliser exclusivement des mandats électroniques pour l'outil d'attestation de mandat.,124
-Visio Questions-Réponses - 13 mars 2025,Éditer et sauvegarder automatiquement les attestations de mandat via le nouvel outil.,158
-Visio Questions-Réponses - 13 mars 2025,Ne jamais fournir directement les documents sensibles aux notaires sans précautions.,190
-Visio Questions-Réponses - 13 mars 2025,Utiliser l'attestation de mandat pour compléter légalement les dossiers notariaux.,323
-Visio Questions-Réponses - 13 mars 2025,Assurer la protection des informations sensibles comme la date et le numéro du mandat conformément à la loi Auger.,353
-Visio Questions-Réponses - 13 mars 2025,Intégrer systématiquement les mandats électroniques dans les processus.,384
-Visio Questions-Réponses - 13 mars 2025,Mettre en place l'utilisation d'un nouvel outil facilitant dès vendredi soir.,415
-Visio Questions-Réponses - 13 mars 2025,Vérifier systématiquement la présence du DPE lors de la saisie d'un mandat.,445
-Visio Questions-Réponses - 13 mars 2025,Choisir l'option appropriée si un DPE n'est pas disponible ou applicable.,477
-Visio Questions-Réponses - 13 mars 2025,Accéder directement au site de l'ADEME pour vérifier les informations du DPE en cas de doute.,508
-Visio Questions-Réponses - 13 mars 2025,Améliorer l'intuitivité du design pour la validation des DPE sur le site.,539
-Visio Questions-Réponses - 13 mars 2025,Être préparé à identifier les DPE manquants malgré leur existence physique.,571
-Visio Questions-Réponses - 13 mars 2025,Reconnaître uniquement les DPE établis après le 1er juillet 2021 comme valides.,603
-Visio Questions-Réponses - 13 mars 2025,Vérifier régulièrement la mise à jour des DPE dans la base de données de l'ADEME.,636
-Visio Questions-Réponses - 13 mars 2025,Anticiper les délais de mise à jour de l'API de l'ADEME pour accéder aux DPE récents.,670
-Visio Questions-Réponses - 13 mars 2025,Se préparer à une amélioration de la fréquence des mises à jour de l'ADEME à une fois par semaine.,701
-Visio Questions-Réponses - 13 mars 2025,Plaider pour des mises à jour en temps réel de l'accès aux données de l'ADEME pour les professionnels.,736
-Visio Questions-Réponses - 13 mars 2025,Explorer les options de vente avec jouissance différée pour répondre aux besoins spécifiques des vendeurs.,769
-Visio Questions-Réponses - 13 mars 2025,Évaluer la faisabilité juridique et administrative des ventes avec conditions particulières.,800
-Visio Questions-Réponses - 13 mars 2025,Communiquer clairement les conditions de vente différée aux acheteurs potentiels.,834
-Visio Questions-Réponses - 13 mars 2025,Considérer des arrangements temporaires comme la location en cas de vente très longue.,878
-Visio Questions-Réponses - 13 mars 2025,Discuter de la pertinence commerciale des ventes anticipées en fonction de la conjoncture du marché.,910
-Visio Questions-Réponses - 13 mars 2025,Engager une conversation avec les clients et collègues sur la perception actuelle de la reprise du marché immobilier.,951
-Visio Questions-Réponses - 13 mars 2025,Demander régulièrement des mises à jour sur l'activité du marché.,982
-Visio Questions-Réponses - 13 mars 2025,Encourager l'acquisition de nombreux mandats.,1013
-Visio Questions-Réponses - 13 mars 2025,Évaluer et discuter des variations régionales de la reprise du marché.,1044
-Visio Questions-Réponses - 13 mars 2025,Reconnaître les défis personnels qui peuvent affecter la performance professionnelle.,1079
-Visio Questions-Réponses - 13 mars 2025,Souligner l'importance de créer et de provoquer des opportunités par l'acquisition de mandats.,1112
-Visio Questions-Réponses - 13 mars 2025,Discuter et négocier les délais de vente avec les vendeurs pour une meilleure planification.,1162
-Visio Questions-Réponses - 13 mars 2025,Inclure les dates spécifiques de libération du bien dans les mandats.,1193
-Visio Questions-Réponses - 13 mars 2025,Adapter le discours en fonction des délais réels et des erreurs de compréhension.,1225
-Visio Questions-Réponses - 13 mars 2025,Expliquer clairement les conditions de vente et les possibilités de négociation aux acquéreurs.,1256
-Visio Questions-Réponses - 13 mars 2025,Aborder les implications juridiques d'un bail signé avec les vendeurs pour éviter des complications futures.,1288
-Visio Questions-Réponses - 13 mars 2025,Utiliser des baux précaires transformables pour éviter les abus des locataires.,1318
-Visio Questions-Réponses - 13 mars 2025,Négocier les termes du bail à l'avantage des vendeurs ou des acquéreurs selon la situation.,1348
-Visio Questions-Réponses - 13 mars 2025,Envisager des négociations favorables aux acquéreurs lorsque les vendeurs sont en forte demande.,1379
-Visio Questions-Réponses - 13 mars 2025,"Discuter de la possibilité d'un prêt à usage avec ou sans paiement de loyer, en tenant compte des risques légaux.",1413
-Visio Questions-Réponses - 13 mars 2025,Évaluer les risques de comportements de squatteurs par les vendeurs après la vente.,1444
-Visio Questions-Réponses - 13 mars 2025,Adapter la stratégie de négociation en fonction du type de bien immobilier.,1479
-Visio Questions-Réponses - 13 mars 2025,Utiliser des outils comme WeMove pour augmenter le nombre de mandats et contacts.,1509
-Visio Questions-Réponses - 13 mars 2025,Encourager l'utilisation active de WeMove pour maximiser les opportunités de mandat.,1541
-Visio Questions-Réponses - 13 mars 2025,Reconnaître WeMove comme une méthode efficace et moderne de prospection.,1571
-Visio Questions-Réponses - 13 mars 2025,Prendre en compte les contraintes familiales des clients dans les décisions immobilières.,1601
-Visio Questions-Réponses - 13 mars 2025,Inclure une date butoir dans les clauses particulières du mandat.,1633
-Visio Questions-Réponses - 13 mars 2025,Définir une date minimale et maximale dans le mandat pour protéger à la fois les vendeurs et les acquéreurs.,1678
-Visio Questions-Réponses - 13 mars 2025,Assurer l'équilibre des contrats pour éviter les clauses léonines.,1730
-Visio Questions-Réponses - 13 mars 2025,Consulter pour savoir précisément quoi mettre dans la clause particulière du mandat.,1766
-Visio Questions-Réponses - 13 mars 2025,Utiliser des QR codes pour promouvoir des produits ou services efficacement.,1798
-Visio Questions-Réponses - 13 mars 2025,Mettre à jour les mandats pour inclure les normes actuelles et les QR codes.,1828
-Visio Questions-Réponses - 13 mars 2025,Utiliser les QR codes pour fournir des informations détaillées et directes sur les produits via un lien mobile.,1859
-Visio Questions-Réponses - 13 mars 2025,Intégrer un outil pour filtrer les produits avec visites virtuelles.,1989
-Visio Questions-Réponses - 13 mars 2025,Utiliser la visite virtuelle Matterport pour améliorer la présentation des produits.,2020
-Visio Questions-Réponses - 13 mars 2025,Enregistrer et utiliser des QR codes pour accéder directement aux visites virtuelles.,2054
-Visio Questions-Réponses - 13 mars 2025,Nommer les fichiers QR code avec le numéro de mandat pour une meilleure organisation.,2086
-Visio Questions-Réponses - 13 mars 2025,Explorer diverses utilisations du QR code pour la promotion directe auprès des clients.,2119
-Visio Questions-Réponses - 13 mars 2025,Placer des QR codes sur des supports physiques comme des sacs à pain ou des panneaux publicitaires pour augmenter la visibilité.,2149
-Visio Questions-Réponses - 13 mars 2025,Distribuer des flyers avec des QR codes pour promouvoir des produits spécifiques.,2181
-Visio Questions-Réponses - 13 mars 2025,"Maximiser l'utilisation des QR codes pour tous les produits, indépendamment de la présence de visites virtuelles.",2211
-Visio Questions-Réponses - 13 mars 2025,Revenir sur des points précédents pour clarifier l'utilisation des QR codes.,2245
-Visio Questions-Réponses - 13 mars 2025,Appliquer le QR code WeMove sur diverses plateformes et supports de communication.,2277
-Visio Questions-Réponses - 13 mars 2025,Utiliser le QR code WeMove sur divers supports publicitaires pour augmenter la visibilité.,2311
-Visio Questions-Réponses - 13 mars 2025,Encourager l'utilisation du QR code sur les véhicules avec un message incitatif pour gagner des recommandations.,2348
-Visio Questions-Réponses - 13 mars 2025,Reconnaître que les biens familiaux nécessitent souvent une utilisation immédiate plutôt qu'un investissement à long terme.,2386
-Visio Questions-Réponses - 13 mars 2025,Être conscient des avis potentiellement prudents ou négatifs de la part des notaires concernant certaines transactions.,2418
-Visio Questions-Réponses - 13 mars 2025,Demander des QR codes personnalisés pour chaque bien immobilier via le service d'animation.,2450
-Visio Questions-Réponses - 13 mars 2025,Visiter et apprécier les mini-sites bien conçus pour la présentation des biens immobiliers.,2481
-Visio Questions-Réponses - 13 mars 2025,Utiliser des QR codes pour diriger directement les clients vers des listes spécifiques de biens immobiliers.,2513
-Visio Questions-Réponses - 13 mars 2025,Solliciter la création rapide de QR codes pour des pages spécifiques de mini-sites immobiliers.,2560
-Visio Questions-Réponses - 13 mars 2025,Profiter de la rapidité et de la facilité de création de QR codes pour améliorer les outils de marketing digital.,2598
-Visio Questions-Réponses - 13 mars 2025,Utiliser les services gratuits de création de QR codes pour améliorer la communication et la promotion des biens immobiliers.,2629
-Visio Questions-Réponses - 13 mars 2025,Utiliser des outils gratuits pour créer des QR codes si vous ne souhaitez pas apprendre à les faire vous-même.,2664
-Visio Questions-Réponses - 13 mars 2025,Utiliser un outil de création de QR code spécifique qui est sûr et gratuit.,2696
-Visio Questions-Réponses - 13 mars 2025,Toujours vérifier la sécurité des outils gratuits pour éviter les virus.,2728
-Visio Questions-Réponses - 13 mars 2025,Diriger les questions techniques vers l'équipe d'animation pendant les visioconférences.,2760
-Visio Questions-Réponses - 13 mars 2025,Fournir un rappel succinct sur la procédure à suivre pour les mandats sous tutelle.,2794
-Visio Questions-Réponses - 13 mars 2025,Envisager de créer un document écrit sur la procédure de protection des majeurs.,2826
-Visio Questions-Réponses - 13 mars 2025,Discuter des différences dans les régimes de protection entre les mineurs et les majeurs.,2857
-Visio Questions-Réponses - 13 mars 2025,Expliquer la capacité juridique et ses implications dans la prise de décisions légales.,2899
-Visio Questions-Réponses - 13 mars 2025,Clarifier le concept d'incapacité juridique et ses impacts sur certaines actions légales.,2934
-Visio Questions-Réponses - 13 mars 2025,"Identifier les représentants légaux des personnes incapables, notamment les enfants et certains adultes.",2979
-Visio Questions-Réponses - 13 mars 2025,"Comprendre les différents régimes de protection comme la tutelle, la curatelle et l'habilitation familiale.",3012
-Visio Questions-Réponses - 13 mars 2025,Réaliser une visioconférence pour approfondir les procédures de vente impliquant des personnes sous régimes de protection.,3050
-Visio Questions-Réponses - 13 mars 2025,Reconnaître que les régimes de protection nécessitent l'intervention d'un mandataire judiciaire.,3084
-Visio Questions-Réponses - 13 mars 2025,Assister les personnes sous régimes de protection dans les actes de la vie courante via un tuteur ou curateur.,3116
-Visio Questions-Réponses - 13 mars 2025,Identifier les limitations spécifiques de décision selon le régime de protection.,3149
-Visio Questions-Réponses - 13 mars 2025,Obtenir l'autorisation de la personne protégée et de son protecteur pour vendre un bien immobilier.,3183
-Visio Questions-Réponses - 13 mars 2025,Assurer que la signature du mandataire judiciaire et de la personne protégée sont toutes deux nécessaires pour les transactions.,3214
-Visio Questions-Réponses - 13 mars 2025,Comprendre que ni le tuteur ni la personne sous tutelle ne peuvent vendre une propriété seuls.,3245
-Visio Questions-Réponses - 13 mars 2025,Souligner l'importance de la signature conjointe du mandataire judiciaire et de la personne protégée dans les documents officiels.,3299
-Visio Questions-Réponses - 13 mars 2025,Éduquer sur les limites légales de l'autorité du tuteur dans les transactions immobilières.,3342
-Visio Questions-Réponses - 13 mars 2025,Comprendre que seul le juge des tutelles a le droit de décider de la vente d'une propriété pour une personne sous tutelle.,3380
-Visio Questions-Réponses - 13 mars 2025,S'assurer que le notaire obtienne l'autorisation du juge des tutelles avant de finaliser la vente.,3437
-Visio Questions-Réponses - 13 mars 2025,Ne pas signer un compromis de vente si le notaire suspecte une situation instable sans l'approbation du juge.,3479
-Visio Questions-Réponses - 13 mars 2025,Obtenir les documents nécessaires avant de procéder à des actions légales ou administratives.,3509
-Visio Questions-Réponses - 13 mars 2025,Vérifier et comprendre les documents judiciaires relatifs à la tutelle pour s'assurer de leur validité et de leur pertinence.,3546
-Visio Questions-Réponses - 13 mars 2025,Reconnaître l'importance des preuves médicales dans la décision de mise sous tutelle par le juge.,3580
-Visio Questions-Réponses - 13 mars 2025,"S'assurer que les documents judiciaires soient complets, signés et datés correctement.",3622
-Visio Questions-Réponses - 13 mars 2025,Identifier clairement le tuteur désigné dans les documents de tutelle.,3657
-Visio Questions-Réponses - 13 mars 2025,Comprendre que la désignation d'un tuteur peut inclure plusieurs membres de la famille comme co-tuteurs.,3687
-Visio Questions-Réponses - 13 mars 2025,Prendre en compte la durée de la tutelle spécifiée dans les documents judiciaires.,3718
-Visio Questions-Réponses - 13 mars 2025,Vérifier la validité de la tutelle et identifier le tuteur légal.,3750
-Visio Questions-Réponses - 13 mars 2025,Assurer que les transactions bancaires peuvent être effectuées par l'un des tuteurs sans nécessiter la signature de l'autre.,3781
-Visio Questions-Réponses - 13 mars 2025,Obtenir la signature de l'un ou des deux tuteurs pour les mandats.,3814
-Visio Questions-Réponses - 13 mars 2025,Prendre en compte l'état physique ou mental de la personne sous tutelle lors de la signature des documents.,3845
-Visio Questions-Réponses - 13 mars 2025,Préparer des alternatives pour recueillir des consentements lorsque la signature de la personne sous tutelle est impossible.,3887
-Visio Questions-Réponses - 13 mars 2025,"Utiliser un deuxième document, comme une ordonnance de vente, lorsque la signature ne peut être obtenue.",3917
-Visio Questions-Réponses - 13 mars 2025,Rejeter les documents de mauvaise qualité ou difficiles à lire pour éviter des complications administratives.,3947
-Visio Questions-Réponses - 13 mars 2025,Comprendre les nouvelles pratiques judiciaires et les termes spécifiques utilisés dans les ordonnances de vente.,3980
-Visio Questions-Réponses - 13 mars 2025,Reconnaître les circonstances sous lesquelles un mineur peut devenir propriétaire d'un bien immobilier.,4010
-Visio Questions-Réponses - 13 mars 2025,Clarifier les termes légaux avec des experts présents lors des discussions pour éviter des erreurs dans la compréhension des ordonnances judiciaires.,4048
-Visio Questions-Réponses - 13 mars 2025,Obtenir une ordonnance de vente si la personne protégée ne peut pas signer.,4081
-Visio Questions-Réponses - 13 mars 2025,Assurer le consentement de la personne sous tutelle avant de vendre sa propriété.,4112
-Visio Questions-Réponses - 13 mars 2025,Consulter le juge des tutelles si la personne protégée ne peut donner son consentement.,4150
-Visio Questions-Réponses - 13 mars 2025,Ne pas commercialiser sans l'ordre du juge en plus de la signature du tuteur.,4183
-Visio Questions-Réponses - 13 mars 2025,Le tuteur doit assister et non remplacer la personne protégée dans la vente.,4223
-Visio Questions-Réponses - 13 mars 2025,Un gérant de société ne peut pas vendre des biens immobiliers sans autorisation supplémentaire.,4267
-Visio Questions-Réponses - 13 mars 2025,Obtenir la signature de tous les associés pour vendre un bien possédé par une société.,4311
-Visio Questions-Réponses - 13 mars 2025,Le maire doit obtenir l'autorisation du conseil municipal pour vendre un bien communal.,4358
-Visio Questions-Réponses - 13 mars 2025,Ignorer les mythes historiques non pertinents pour les transactions immobilières.,4397
-Visio Questions-Réponses - 13 mars 2025,Toujours obtenir les signatures nécessaires en cas de tutelle ou curatelle avant de procéder à une vente.,4436
-Visio Questions-Réponses - 13 mars 2025,Faire signer la personne protégée ou obtenir une autorisation du juge des tutelles pour vendre.,4466
-Visio Questions-Réponses - 13 mars 2025,Joindre l'ordonnance de tutelle au mandat.,4500
-Visio Questions-Réponses - 13 mars 2025,Ne pas présumer que le parent d'un mineur est automatiquement son tuteur.,4533
-Visio Questions-Réponses - 13 mars 2025,"Obtenir le jugement de tutelle et, si nécessaire, l'ordonnance de vente.",4565
-Visio Questions-Réponses - 13 mars 2025,Assurer la signature de tous les associés ou tenir une assemblée générale pour autoriser la vente.,4597
-Visio Questions-Réponses - 13 mars 2025,Obtenir une délibération du conseil municipal pour autoriser la vente par une municipalité.,4627
-Visio Questions-Réponses - 13 mars 2025,Confirmer que le gérant est désigné par l'Assemblée Générale pour signer le mandat de vente.,4659
-Visio Questions-Réponses - 13 mars 2025,Vérifier que le gérant est expressément désigné par l'assemblée générale pour signer le mandat.,4690
-Visio Questions-Réponses - 13 mars 2025,Informer sur les tutos de loi disponibles sur YouTube.,4722
-Visio Questions-Réponses - 13 mars 2025,Préparer la commercialisation des viagers suite à une demande croissante.,4752
-Visio Questions-Réponses - 13 mars 2025,Organiser une formation détaillée sur les tutelles pour permettre leur commercialisation.,4792
-Visio Questions-Réponses - 13 mars 2025,Préparer une formation complète sur les viagers en trois étapes.,4823
-Visio Questions-Réponses - 13 mars 2025,Encourager les participants à poser des questions pour clarifier les concepts de viager et tutelle.,4854
-Visio Questions-Réponses - 13 mars 2025,Présenter un aperçu dense des viagers avec des statistiques pertinentes.,4885
-Visio Questions-Réponses - 13 mars 2025,Expliquer le concept de viager comme un mode de commercialisation de biens immobiliers.,4916
-Visio Questions-Réponses - 13 mars 2025,Réviser les concepts de démembrement de propriété abordés dans une visio antérieure.,4954
-Visio Questions-Réponses - 13 mars 2025,Utiliser des exemples concrets comme les compromis pour illustrer les points de droit immobilier.,5007
-Visio Questions-Réponses - 13 mars 2025,Souligner l'importance de comprendre les trois éléments de la pleine propriété en droit immobilier.,5040
-Visio Questions-Réponses - 13 mars 2025,"Expliquer les termes latins usus, fructus et lusus pour enrichir les connaissances en droit de propriété.",5070
-Visio Questions-Réponses - 13 mars 2025,Définir et expliquer l'usus comme le droit d'usage et de jouissance d'un bien immobilier.,5102
-Visio Questions-Réponses - 13 mars 2025,Personnaliser l'aménagement et l'utilisation de sa propriété selon ses préférences.,5132
-Visio Questions-Réponses - 13 mars 2025,Exploiter économiquement sa propriété pour en tirer des revenus.,5165
-Visio Questions-Réponses - 13 mars 2025,"Considérer diverses formes de revenus au-delà des loyers, comme l'agriculture ou l'artisanat.",5209
-Visio Questions-Réponses - 13 mars 2025,"Comprendre et utiliser pleinement les droits de propriété : usus, fructus, abusus.",5255
-Visio Questions-Réponses - 13 mars 2025,Reconnaître les limitations des droits de propriété dans un achat en viager.,5287
-Visio Questions-Réponses - 13 mars 2025,Prendre en compte que l'usufruitier peut occuper le bien jusqu'à son décès dans un viager.,5325
-Visio Questions-Réponses - 13 mars 2025,"Évaluer les implications financières d'un achat en viager, incluant la décote.",5357
-Visio Questions-Réponses - 13 mars 2025,"Comprendre le concept de ""bouquet"" dans un viager et son impact financier immédiat.",5389
-Visio Questions-Réponses - 13 mars 2025,Planifier des paiements réguliers sous forme de rente viagère après l'achat initial.,5421
-Visio Questions-Réponses - 13 mars 2025,Anticiper la pleine acquisition des droits de propriété après le décès de l'usufruitier dans un viager.,5468
-Visio Questions-Réponses - 13 mars 2025,Ne pas surestimer le potentiel de commercialisation du viagé.,5509
-Visio Questions-Réponses - 13 mars 2025,Connaître le nombre réel de ventes en viagé par rapport aux ventes classiques.,5539
-Visio Questions-Réponses - 13 mars 2025,Comprendre que le viagé représente une petite fraction des ventes immobilières.,5588
-Visio Questions-Réponses - 13 mars 2025,Prendre en compte que le nombre de ventes en viagé par commune est très faible.,5628
-Visio Questions-Réponses - 13 mars 2025,Observer l'augmentation des ventes en viagé due à des facteurs démographiques et sociologiques.,5661
-Visio Questions-Réponses - 13 mars 2025,Reconnaître le potentiel de croissance du marché du viagé.,5695
-Visio Questions-Réponses - 13 mars 2025,Exploiter les opportunités de viagé en maintenant de bonnes relations avec les notaires.,5725
-Visio Questions-Réponses - 13 mars 2025,Considérer le viagé comme une opportunité plutôt qu'un levier de croissance majeur.,5757
-Visio Questions-Réponses - 13 mars 2025,Se lancer dans le viagé en suivant une formation structurée en trois étapes.,5788
-Visio Questions-Réponses - 13 mars 2025,Organiser une visioconférence sur l'estimation des prix avec Laurent.,5860
-Visio Questions-Réponses - 13 mars 2025,"Préparer une formation détaillée sur le viager incluant aspects juridiques, historiques et fiscaux.",5891
-Visio Questions-Réponses - 13 mars 2025,Mettre en place un QCM avec un seuil de réussite de 75% pour valider les compétences en estimation.,5922
-Visio Questions-Réponses - 13 mars 2025,Offrir un coaching individuel pour les premiers mandats en viager.,5957
-Visio Questions-Réponses - 13 mars 2025,Programmer les visioconférences de formation pour avril-mai.,5990
-Visio Questions-Réponses - 13 mars 2025,Développer un nouveau système e-learning avec des QCM pour la formation.,6020
-Visio Questions-Réponses - 13 mars 2025,Fournir des supports de cours complets et optimisés pour les formations.,6056
-Visio Questions-Réponses - 13 mars 2025,Réviser et clarifier les supports de cours avec plusieurs agents.,6090
-Visio Questions-Réponses - 13 mars 2025,Encourager la lecture de Proust pour enrichir la perspective culturelle.,6136
-Visio Questions-Réponses - 13 mars 2025,Assurer l'accès aux supports de cours finis pour ceux qui complètent toutes les formations.,6168
-Visio Questions-Réponses - 13 mars 2025,Organiser des cours ou visioconférences sur les pathologies du bâtiment.,6200
-Visio Questions-Réponses - 13 mars 2025,"Évaluer la valeur d'un bien immobilier sans tenir compte de ses défauts majeurs, puis obtenir plusieurs devis pour la réparation de ces défauts.",6248
-Visio Questions-Réponses - 13 mars 2025,Utiliser les devis de réparation comme levier de négociation pour ajuster le prix de vente d'un bien.,6289
-Visio Questions-Réponses - 13 mars 2025,Consulter Laurent pour des réponses plus précises sur les questions spécifiques et les honoraires de viager.,6329
-Visio Questions-Réponses - 13 mars 2025,Étudier la possibilité de créer des grilles tarifaires spéciales pour les transactions en viager.,6360
-Visio Questions-Réponses - 13 mars 2025,Appliquer les grilles d'honoraires existantes à la valeur viagère d'un bien.,6390
-Visio Questions-Réponses - 13 mars 2025,Envisager l'adaptation des grilles d'honoraires pour mieux refléter les spécificités du viager.,6437
-Visio Questions-Réponses - 13 mars 2025,Encourager la collaboration avec des clients potentiels pour les transactions en viager.,6468
-Visio Questions-Réponses - 13 mars 2025,"Reconnaître et apprécier les contributions des membres de l'équipe, comme l'envoi de numéros de mandat par Cathy.",6516
-Visio Questions-Réponses - 13 mars 2025,"Explorer et discuter des nouvelles initiatives ou contributions des membres de l'équipe, comme Cathy dans la vente de vêtements.",6548
-Visio Questions-Réponses - 13 mars 2025,Réparer le bug d'affichage des pages rapidement.,6579
-Visio Questions-Réponses - 13 mars 2025,Ajouter les coordonnées de Cathy en bas à gauche de la page.,6612
-Visio Questions-Réponses - 13 mars 2025,Rencontrer les commerçants et autres acteurs locaux pour établir des contacts.,6643
-Visio Questions-Réponses - 13 mars 2025,Préparer une visite virtuelle de l'abbaye de Belleval.,6675
-Visio Questions-Réponses - 13 mars 2025,Créer des maquettes interactives pour des sites locaux et les promouvoir avec un QR code WeMove.,6711
-Visio Questions-Réponses - 13 mars 2025,Offrir des visites virtuelles gratuites pour promouvoir WeMove.,6742
-Visio Questions-Réponses - 13 mars 2025,Utiliser les visites virtuelles comme moyen d'établir de nouveaux partenariats avec WeMove.,6772
-Visio Questions-Réponses - 13 mars 2025,Nettoyer ou remplacer l'équipement de prise de vue 360 si nécessaire pour éviter les images floues.,6804
-Visio Questions-Réponses - 13 mars 2025,Envoyer des exemples de liens de maquettes interactives à Guillaume pour qu'il puisse les proposer.,6835
-Visio Questions-Réponses - 13 mars 2025,Assurer la qualité des photos en vérifiant l'état de l'appareil photo.,6866
-Visio Questions-Réponses - 13 mars 2025,Offrir des visites virtuelles gratuites aux gîtes et chambres d'hôtes pour améliorer leur visibilité en ligne.,6899
-Visio Questions-Réponses - 13 mars 2025,Suivre l'exemple de Cathy pour développer la notoriété locale en offrant des services gratuits.,6929
-Visio Questions-Réponses - 13 mars 2025,Offrir des visites virtuelles gratuites aux commerçants et associations locales pour établir des partenariats.,6960
-Visio Questions-Réponses - 13 mars 2025,Utiliser les visites virtuelles en association avec WeMove pour doubler le chiffre d'affaires.,6992
-Visio Questions-Réponses - 13 mars 2025,Exploiter WeMove pour réaliser des ventes authentiques supplémentaires.,7024
-Visio Questions-Réponses - 13 mars 2025,S'inscrire à toutes les visios du jeudi jusqu'à fin juin pour bénéficier de sessions de questions-réponses régulières.,7054
-Visio Questions-Réponses - 13 mars 2025,Cibler les retraités de la chorale de Colombes pour des opportunités de viager.,7084
-Visio Questions-Réponses - 13 mars 2025,Proposer des sessions de photos de drone de l'abbaye lors de visites dans la région.,7116
-Visio Questions-Réponses - 13 mars 2025,Mettre les liens dans le chat pour faciliter l'accès aux informations.,7211
-Visio Questions-Réponses - 13 mars 2025,Envoyer les éléments verrous à l'animation pour évaluation.,7242
-Visio Questions-Réponses - 13 mars 2025,Vérifier et nettoyer l'appareil de prise de vue pour éviter les zones floues.,7274
-Visio Questions-Réponses - 13 mars 2025,Informer le réseau des dates de visio sur le viagé par email.,7306
-Visio Questions-Réponses - 13 mars 2025,Encourager à prendre plus de mandats.,7337
-Visio Questions-Réponses - 13 mars 2025,Lire des œuvres de Proust et Balzac pour enrichir la culture littéraire.,7369
-Visio Questions-Réponses - 16 janvier 2025,Connecter et partager l'écran pour la présentation.,0
-Visio Questions-Réponses - 16 janvier 2025,Rappeler l'importance d'envoyer les RCP 2025 rapidement.,30
-Visio Questions-Réponses - 16 janvier 2025,Planifier la refonte des cartes professionnelles suite à la transformation de la société en SAS.,62
-Visio Questions-Réponses - 16 janvier 2025,Vérifier l'enregistrement de la transformation de la société aux greffes.,96
-Visio Questions-Réponses - 16 janvier 2025,Chaque collaborateur doit individuellement demander sa carte professionnelle.,315
-Visio Questions-Réponses - 16 janvier 2025,Mettre à jour les coordonnées de la SAS sur la carte de la Lucarne avant de procéder aux cartes individuelles.,346
-Visio Questions-Réponses - 16 janvier 2025,"Modifier les mentions de ""SA"" en ""SAS"" dans tous les documents officiels et contrats.",378
-Visio Questions-Réponses - 16 janvier 2025,Assurer la qualité des scans de documents envoyés pour éviter les problèmes de traitement et de conformité légale.,408
-Visio Questions-Réponses - 16 janvier 2025,Assurer que tous les documents soient parfaitement lisibles et bien cadrés.,635
-Visio Questions-Réponses - 16 janvier 2025,Accepter uniquement les documents qui sont clairs et complets.,669
-Visio Questions-Réponses - 16 janvier 2025,Rejeter les documents qui sont à peine acceptables ou limites.,702
-Visio Questions-Réponses - 16 janvier 2025,Exiger que les documents soient en format PDF pour être acceptés.,733
-Visio Questions-Réponses - 16 janvier 2025,Convertir toutes les images en PDF avant de les envoyer pour économiser du temps et des ressources.,764
-Visio Questions-Réponses - 16 janvier 2025,Accepter uniquement les PDF qui sont parfaitement lisibles et bien présentés.,796
-Visio Questions-Réponses - 16 janvier 2025,Rejeter les images en format JPG et insister sur l'importance de la présentation sérieuse.,827
-Visio Questions-Réponses - 16 janvier 2025,Reconnaître les défis des clients mais maintenir des standards professionnels élevés.,871
-Visio Questions-Réponses - 16 janvier 2025,Transformer les images acceptables en PDF de manière simple et efficace.,905
-Visio Questions-Réponses - 16 janvier 2025,Utiliser des outils simples pour convertir des images en PDF sur un ordinateur Windows.,937
-Visio Questions-Réponses - 16 janvier 2025,"Utiliser la fonction ""Microsoft Print to PDF"" pour créer un fichier PDF sous Windows.",974
-Visio Questions-Réponses - 16 janvier 2025,"Nommer le fichier PDF avec des informations précises, telles que le numéro de mandat et le nom complet pour faciliter le suivi.",1004
-Visio Questions-Réponses - 16 janvier 2025,Vérifier le format d'orientation (portrait ou paysage) avant de sauvegarder le PDF pour s'assurer de sa présentation correcte.,1040
-Visio Questions-Réponses - 16 janvier 2025,Utiliser Chrome ou Safari pour glisser-déposer des images directement dans le navigateur et les imprimer en PDF.,1070
-Visio Questions-Réponses - 16 janvier 2025,S'assurer que les PDF créés sont de haute qualité pour éviter les problèmes de lisibilité après compression ou traitement.,1106
-Visio Questions-Réponses - 16 janvier 2025,Présenter des documents irréprochables pour éviter d'être perçu comme amateur.,1298
-Visio Questions-Réponses - 16 janvier 2025,S'assurer de recevoir le DPE complet ou au moins la première page avec le numéro ADEME.,1330
-Visio Questions-Réponses - 16 janvier 2025,Utiliser uniquement des DPE établis après le 1er juillet 2021 pour tous les produits vendus.,1361
-Visio Questions-Réponses - 16 janvier 2025,Refuser catégoriquement les DPE établis avant le 1er juillet 2021.,1395
-Visio Questions-Réponses - 16 janvier 2025,Encourager les vendeurs à ne pas être radins et à investir dans un nouveau DPE conforme.,1425
-Visio Questions-Réponses - 16 janvier 2025,Mettre à jour tous les mandats existants avec un DPE conforme à la réforme de 2021.,1459
-Visio Questions-Réponses - 16 janvier 2025,Vérifier la présence du petit cochon rose sur le DPE pour assurer sa conformité.,1500
-Visio Questions-Réponses - 16 janvier 2025,Préparer pour les contrôles de la DGCCRF en mettant à jour tous les DPE.,1532
-Visio Questions-Réponses - 16 janvier 2025,Poursuivre les tentatives de contact avec la société Alliance pour les attestations RCP.,1563
-Visio Questions-Réponses - 16 janvier 2025,Reconsidérer la relation avec l'agence Allianz suite à des changements de propriété et une coopération réduite.,1595
-Visio Questions-Réponses - 16 janvier 2025,Réessayer de joindre les contacts dans les jours à venir.,1627
-Visio Questions-Réponses - 16 janvier 2025,Utiliser l'application PDF Expert pour Mac pour modifier les documents.,1658
-Visio Questions-Réponses - 16 janvier 2025,"Continuer à envoyer les DPE malgré les numéros ADEME enregistrés, conformément aux directives de la DGCCRF.",1695
-Visio Questions-Réponses - 16 janvier 2025,Expliquer le processus d'utilisation des numéros ADEME aux nouveaux employés.,1726
-Visio Questions-Réponses - 16 janvier 2025,Utiliser le site de l'ADEME pour vérifier automatiquement la présence d'un DPE lors de la saisie d'une adresse.,1758
-Visio Questions-Réponses - 16 janvier 2025,Attendre la mise à jour mensuelle de l'ADEME pour les DPE récents.,1788
-Visio Questions-Réponses - 16 janvier 2025,Rechercher un DPE spécifique parmi une grande liste en utilisant le numéro ADEME.,1822
-Visio Questions-Réponses - 16 janvier 2025,Utiliser la fonction de recherche (CTRL F) pour localiser rapidement un DPE spécifique par son numéro ADEME.,1852
-Visio Questions-Réponses - 16 janvier 2025,Vérifier les détails d'un DPE trouvé pour s'assurer qu'il correspond à celui fourni par le vendeur.,1883
-Visio Questions-Réponses - 16 janvier 2025,"Valider et enregistrer les valeurs du DPE dans le système une fois vérifiées, sans demander de justificatif supplémentaire au négociateur.",1915
-Visio Questions-Réponses - 16 janvier 2025,Utiliser le numéro officiel pour obtenir le justificatif du DPE du vendeur.,1950
-Visio Questions-Réponses - 16 janvier 2025,Continuer à demander la copie du DPE malgré l'existence d'un outil développé pour éviter cela.,1980
-Visio Questions-Réponses - 16 janvier 2025,Organiser une rencontre avec le contact de l'alliance pour discuter des RCP.,2014
-Visio Questions-Réponses - 16 janvier 2025,Réaliser l'audit des mandats avec des PE dès le 1er janvier.,2044
-Visio Questions-Réponses - 16 janvier 2025,Confirmer l'identité de Sandrine à l'agence Allianz à côté de Poitiers.,2076
-Visio Questions-Réponses - 16 janvier 2025,Recontacter Sandrine pour clarifier la situation.,2106
-Visio Questions-Réponses - 16 janvier 2025,Mettre en place le nouveau formulaire de mandat pour le 1er janvier 2025.,2137
-Visio Questions-Réponses - 16 janvier 2025,Adopter le mandat électronique comme le seul formulaire de mandat à utiliser.,2172
-Visio Questions-Réponses - 16 janvier 2025,Utiliser le lien « Mandat de vente sans exclusivité » pour remplir les mandats non électroniques.,2208
-Visio Questions-Réponses - 16 janvier 2025,Remplir les informations du mandat en utilisant des références historiques pour mémoriser les détails.,2238
-Visio Questions-Réponses - 16 janvier 2025,Remplacer les vieux mandats par des mandats électroniques.,2269
-Visio Questions-Réponses - 16 janvier 2025,Offrir la possibilité de signer les mandats manuellement ou électroniquement.,2305
-Visio Questions-Réponses - 16 janvier 2025,Remplir tous les champs obligatoires pour valider un mandat électronique.,2336
-Visio Questions-Réponses - 16 janvier 2025,Éviter d'utiliser des majuscules inutilement lors de la saisie des noms.,2372
-Visio Questions-Réponses - 16 janvier 2025,Confirmer les informations historiques ou géographiques avant de les saisir.,2402
-Visio Questions-Réponses - 16 janvier 2025,S'assurer de remplir tous les champs obligatoires pour valider un mandat électronique.,2433
-Visio Questions-Réponses - 16 janvier 2025,Corriger les erreurs de saisie pour permettre la validation du mandat électronique.,2467
-Visio Questions-Réponses - 16 janvier 2025,Tester et corriger les bugs dans le nouveau système de mandat manuscrit.,2499
-Visio Questions-Réponses - 16 janvier 2025,Toujours inclure l'adresse dans le mandat pour éviter des blocages techniques.,2530
-Visio Questions-Réponses - 16 janvier 2025,Simplifier le processus de validation pour les mandats manuscrits en réduisant les informations requises.,2561
-Visio Questions-Réponses - 16 janvier 2025,Éditer un PDF partiellement rempli pour le compléter chez le client.,2591
-Visio Questions-Réponses - 16 janvier 2025,Ajouter les informations supplémentaires obtenues du client au PDF.,2628
-Visio Questions-Réponses - 16 janvier 2025,Corriger les bugs lors de l'édition du PDF pour assurer l'exactitude des informations.,2659
-Visio Questions-Réponses - 16 janvier 2025,Mettre à jour le formulaire de mandat pour utiliser uniquement la version électronique et manuscrite.,2690
-Visio Questions-Réponses - 16 janvier 2025,Vérifier et corriger les numéros de téléphone incorrects sur les mandats.,2731
-Visio Questions-Réponses - 16 janvier 2025,Planifier et annoncer les dates et lieux des prochaines visites ou événements.,2763
-Visio Questions-Réponses - 16 janvier 2025,Assurer que tous les agents reçoivent les mêmes outils et informations.,2797
-Visio Questions-Réponses - 16 janvier 2025,Encourager l'utilisation exclusive de documents électroniques pour éviter les erreurs et les retards causés par les versions papier.,2829
-Visio Questions-Réponses - 16 janvier 2025,Passer entièrement aux mandats et avenants électroniques pour optimiser les processus.,2861
-Visio Questions-Réponses - 16 janvier 2025,Prendre des mesures pour protéger les documents physiques contre les dommages causés par les intempéries.,2907
-Visio Questions-Réponses - 16 janvier 2025,Suivre une formation sur la rédaction des mandats électroniques.,2938
-Visio Questions-Réponses - 16 janvier 2025,Développer des équipes locales pour gérer les nouveaux arrivants.,2980
-Visio Questions-Réponses - 16 janvier 2025,Rencontrer des candidats potentiels pour développer des équipes à Montpellier.,3015
-Visio Questions-Réponses - 16 janvier 2025,Obtenir les coordonnées de l'assurance à tarif réduit auprès de l'animation.,3048
-Visio Questions-Réponses - 16 janvier 2025,Utiliser des avenants électroniques disponibles depuis longtemps.,3079
-Visio Questions-Réponses - 16 janvier 2025,Passer par l'animation pour envoyer des avenants électroniques jusqu'à ce que l'envoi direct soit possible.,3114
-Visio Questions-Réponses - 16 janvier 2025,Contacter l'animation pour obtenir des informations sur les partenaires et prestataires.,3148
-Visio Questions-Réponses - 16 janvier 2025,Être conscient que la Lucarne ne garantit pas les services de prestataires non partenaires.,3182
-Visio Questions-Réponses - 16 janvier 2025,Utiliser la loi Madeleine pour défiscaliser les cotisations de protection sociale via l'entreprise.,3280
-Visio Questions-Réponses - 16 janvier 2025,Améliorer l'engagement des partenaires après des événements infructueux.,3314
-Visio Questions-Réponses - 16 janvier 2025,Évaluer et potentiellement ajuster les attentes des partenaires pour maintenir des relations professionnelles solides.,3346
-Visio Questions-Réponses - 16 janvier 2025,Revoir les coûts des protections juridiques pour s'assurer qu'ils sont compétitifs.,3380
-Visio Questions-Réponses - 16 janvier 2025,Organiser des formations spécifiques sur des thèmes récurrents pour approfondir les connaissances.,3414
-Visio Questions-Réponses - 16 janvier 2025,"Fournir des ressources éducatives sous des formats plus accessibles, comme des PDF.",3451
-Visio Questions-Réponses - 16 janvier 2025,Planifier des formations sur des sujets de niche à la demande des participants.,3483
-Visio Questions-Réponses - 16 janvier 2025,Comprendre et expliquer brièvement la notion de logement décent.,3521
-Visio Questions-Réponses - 16 janvier 2025,Assurer que tous les logements loués répondent aux critères minimums de décence.,3556
-Visio Questions-Réponses - 16 janvier 2025,Respecter la loi de 1989 qui exige que les propriétaires louent des biens décents.,3589
-Visio Questions-Réponses - 16 janvier 2025,Préciser les critères techniques de ce qui constitue un logement décent.,3622
-Visio Questions-Réponses - 16 janvier 2025,Intégrer la performance énergétique comme critère de décence d'un logement.,3652
-Visio Questions-Réponses - 16 janvier 2025,Respecter la surface minimale de 9 mètres carrés pour la location.,3682
-Visio Questions-Réponses - 16 janvier 2025,Assurer que les petites surfaces respectent le volume habitable de 20 mètres cubes.,3715
-Visio Questions-Réponses - 16 janvier 2025,Réaliser des diagnostics pour plomb et amiante pour garantir la sécurité et la salubrité.,3746
-Visio Questions-Réponses - 16 janvier 2025,Maintenir les installations électriques et de gaz en bon état.,3781
-Visio Questions-Réponses - 16 janvier 2025,Équiper le logement d'une alimentation en eau potable avec une pression suffisante.,3814
-Visio Questions-Réponses - 16 janvier 2025,Fournir un système de chauffage et de production d'eau chaude fonctionnel.,3850
-Visio Questions-Réponses - 16 janvier 2025,Installer des sanitaires intérieurs séparés de la cuisine.,3881
-Visio Questions-Réponses - 16 janvier 2025,Installer une cloison en dur pour séparer les toilettes de la cuisine et assurer une isolation thermique adéquate.,3952
-Visio Questions-Réponses - 16 janvier 2025,Garantir des conditions de vie dignes pour éviter les pratiques des marchands de sommeil.,3986
-Visio Questions-Réponses - 16 janvier 2025,Corriger les erreurs dans les documents de présentation pour maintenir la précision et la clarté.,4017
-Visio Questions-Réponses - 16 janvier 2025,"Assurer que les logements loués répondent aux standards minimum de confort, de sécurité et de salubrité.",4047
-Visio Questions-Réponses - 16 janvier 2025,Interdire la location de logements insalubres pour améliorer la qualité du marché locatif.,4078
-Visio Questions-Réponses - 16 janvier 2025,Éviter les augmentations de loyer non justifiées et maintenir l'entretien des logements.,4130
-Visio Questions-Réponses - 16 janvier 2025,Inclure la performance énergétique dans les critères de logement décent pour contribuer à la transition énergétique.,4169
-Visio Questions-Réponses - 16 janvier 2025,Responsabiliser les propriétaires bailleurs à entretenir et moderniser leurs biens immobiliers.,4215
-Visio Questions-Réponses - 16 janvier 2025,Imposer des sanctions aux propriétaires bailleurs qui ne respectent pas leurs obligations légales.,4250
-Visio Questions-Réponses - 16 janvier 2025,Réduire les conflits entre propriétaires et locataires en offrant des logements conformes et en bon état.,4282
-Visio Questions-Réponses - 16 janvier 2025,Valoriser les biens immobiliers en les rendant conformes aux critères de décence pour attirer des locataires solvables et augmenter la valeur de revente.,4313
-Visio Questions-Réponses - 16 janvier 2025,Assurer la mise en conformité des logements avant la location pour respecter les obligations légales et garantir le confort des locataires.,4347
-Visio Questions-Réponses - 16 janvier 2025,Ne pas signer de bail avant que les travaux de mise en conformité ne soient complètement terminés.,4396
-Visio Questions-Réponses - 16 janvier 2025,Réaliser une inspection complète des installations et de la structure du bâtiment avant la mise en location.,4432
-Visio Questions-Réponses - 16 janvier 2025,Compléter les diagnostics obligatoires avec des diagnostics de décence pour renforcer la protection juridique du propriétaire bailleur.,4464
-Visio Questions-Réponses - 16 janvier 2025,Effectuer les travaux nécessaires en cours de bail pour maintenir la décence du logement face à l'évolution des normes.,4499
-Visio Questions-Réponses - 16 janvier 2025,Mettre le bien en conformité avec les nouvelles normes de performance énergétique même si le bail est ancien.,4550
-Visio Questions-Réponses - 16 janvier 2025,Réaliser les travaux d'isolation et de mise aux normes nécessaires en cours de bail pour éviter les sanctions.,4581
-Visio Questions-Réponses - 16 janvier 2025,Ne pas louer un bien non conforme aux critères de décence pour éviter les sanctions légales et financières.,4616
-Visio Questions-Réponses - 16 janvier 2025,Procéder aux réparations nécessaires en cas de non-conformité pour éviter les réductions de loyer et les sanctions civiles et pénales.,4648
-Visio Questions-Réponses - 16 janvier 2025,Assurer un relogement décent ordonné par le juge pour les locataires.,4680
-Visio Questions-Réponses - 16 janvier 2025,Réaliser un déménagement rapide sous ordre judiciaire en cas d'urgence.,4712
-Visio Questions-Réponses - 16 janvier 2025,Reloger rapidement les locataires sous peine de pénalités journalières.,4742
-Visio Questions-Réponses - 16 janvier 2025,Payer des dommages-intérêts pour préjudice si le logement n'est pas décent.,4774
-Visio Questions-Réponses - 16 janvier 2025,Utiliser un compte séquestre pour maintenir la pression sur le bailleur sans arrêter de payer le loyer.,4807
-Visio Questions-Réponses - 16 janvier 2025,Payer le loyer via un compte spécial ou un huissier pour prouver la bonne foi.,4842
-Visio Questions-Réponses - 16 janvier 2025,Continuer à payer le loyer mais pas directement au bailleur jusqu'à ce que les conditions soient améliorées.,4875
-Visio Questions-Réponses - 16 janvier 2025,Être conscient de la tendance des tribunaux à favoriser les locataires en France.,4915
-Visio Questions-Réponses - 16 janvier 2025,Réagir immédiatement aux mises en demeure pour éviter des conséquences judiciaires sévères.,4947
-Visio Questions-Réponses - 16 janvier 2025,S'assurer que les logements respectent les nouveaux critères de performance énergétique et d'isolation depuis janvier 2023.,4980
-Visio Questions-Réponses - 16 janvier 2025,Rénover les logements classés G pour les rendre décents et louables.,5014
-Visio Questions-Réponses - 16 janvier 2025,Ne pas confondre les échéances pour les logements classés G et E.,5070
-Visio Questions-Réponses - 16 janvier 2025,Organiser une visioconférence détaillée sur les audits énergétiques pour les logements classés E.,5104
-Visio Questions-Réponses - 16 janvier 2025,Réaliser des travaux de rénovation sur les logements classés G pour respecter les nouvelles normes.,5139
-Visio Questions-Réponses - 16 janvier 2025,Comprendre l'importance de la réforme du DPE et ses implications pour la location.,5170
-Visio Questions-Réponses - 16 janvier 2025,Utiliser le DPE opposable pour exiger des réparations ou des travaux nécessaires.,5201
-Visio Questions-Réponses - 16 janvier 2025,"Effectuer les travaux requis sur les logements classés G immédiatement, sans attendre.",5232
-Visio Questions-Réponses - 16 janvier 2025,Anticiper les travaux de rénovation nécessaires avant l'échéance de 2025 pour éviter des sanctions légales.,5265
-Visio Questions-Réponses - 16 janvier 2025,Se préparer à des changements potentiels dans la législation ou les normes du DPE en raison de l'instabilité politique.,5296
-Visio Questions-Réponses - 16 janvier 2025,Discuter des perspectives actuelles du marché immobilier et des potentiels changements sous le nouveau gouvernement.,5346
-Visio Questions-Réponses - 16 janvier 2025,Éviter d'investir dans des propriétés classées G à la location.,5378
-Visio Questions-Réponses - 16 janvier 2025,Préparer les propriétaires à l'application incertaine de l'interdiction de location des logements classés G.,5410
-Visio Questions-Réponses - 16 janvier 2025,Encourager les propriétaires à réaliser des travaux d'amélioration énergétique et thermique.,5443
-Visio Questions-Réponses - 16 janvier 2025,Planifier des mises à jour des systèmes de chauffage et l'installation de dispositifs énergétiques modernes.,5475
-Visio Questions-Réponses - 16 janvier 2025,Se tenir informé des évolutions réglementaires concernant les classifications énergétiques des logements.,5507
-Visio Questions-Réponses - 16 janvier 2025,Examiner les implications des nouvelles réglementations sur les pratiques de vente immobilière.,5543
-Visio Questions-Réponses - 16 janvier 2025,Rechercher des alternatives aux partenariats avec des sociétés immobilières peu fiables.,5577
-Visio Questions-Réponses - 16 janvier 2025,Comprendre l'importance de la décence des logements même dans le contexte de la vente.,5610
-Visio Questions-Réponses - 16 janvier 2025,Informer les clients sur la louabilité et la décence des biens immobiliers vendus.,5641
-Visio Questions-Réponses - 16 janvier 2025,Éduquer les clients sur les nouvelles et anciennes règles concernant le logement décent.,5672
-Visio Questions-Réponses - 16 janvier 2025,Revoir les critères d'habitabilité pour les logements à vendre.,5705
-Visio Questions-Réponses - 16 janvier 2025,Vérifier la désignation légale des biens immobiliers lors de la vente.,5739
-Visio Questions-Réponses - 16 janvier 2025,Assurer que les biens immobiliers sont utilisés conformément à leur destination déclarée.,5773
-Visio Questions-Réponses - 16 janvier 2025,Enregistrer la destination des biens immobiliers à l'urbanisme et aux impôts.,5812
-Visio Questions-Réponses - 16 janvier 2025,Conserver l'usage d'habitation déclaré lors de l'achat d'un bien.,5844
-Visio Questions-Réponses - 16 janvier 2025,Revisiter les critères d'habitabilité lors de prochaines discussions.,5875
-Visio Questions-Réponses - 16 janvier 2025,Éviter que la porte des WC s'ouvre directement sur l'espace cuisine pour respecter les normes d'hygiène.,5905
-Visio Questions-Réponses - 16 janvier 2025,Différencier les normes de construction entre les biens neufs et les modifications de biens anciens.,5935
-Visio Questions-Réponses - 16 janvier 2025,Utiliser un bail civil pour éviter la loi de 1989 lors de la location.,5967
-Visio Questions-Réponses - 16 janvier 2025,Prévenir les risques légaux en évitant d'utiliser un bail civil comme moyen de contourner les régulations.,6001
-Visio Questions-Réponses - 16 janvier 2025,Éviter d'utiliser des baux précaires pour des usages non précaires.,6032
-Visio Questions-Réponses - 16 janvier 2025,Confirmer si l'audit énergétique est obligatoire pour les maisons en monopropriété.,6064
-Visio Questions-Réponses - 16 janvier 2025,Vérifier les dates d'application des différentes classes énergétiques pour les copropriétés.,6096
-Visio Questions-Réponses - 16 janvier 2025,Consulter des sources fiables pour obtenir des informations complètes sur les normes énergétiques.,6126
-Visio Questions-Réponses - 16 janvier 2025,Confirmer les obligations d'audit énergétique pour les monopropriétés en cours.,6157
-Visio Questions-Réponses - 16 janvier 2025,Préparer les informations pour la prochaine visioconférence concernant les copropriétés.,6194
-Visio Questions-Réponses - 16 janvier 2025,Fournir un DPE à jour selon la norme du 1er juillet 2021 pour les baux en cours.,6225
-Visio Questions-Réponses - 16 janvier 2025,Vérifier si le DPE actuel respecte les nouvelles obligations légales.,6255
-Visio Questions-Réponses - 16 janvier 2025,Collaborer avec des partenaires fiables pour la gestion de dossiers immobiliers.,6287
-Visio Questions-Réponses - 16 janvier 2025,Accorder une tolérance de délai pour les audits énergétiques en classe F.,6319
-Visio Questions-Réponses - 16 janvier 2025,Vérifier les directives ministérielles concernant l'application flexible des délais.,6350
-Visio Questions-Réponses - 16 janvier 2025,Évaluer la faisabilité de la proposition avec Grifki et planifier une discussion ultérieure.,6381
-Visio Questions-Réponses - 16 janvier 2025,Organiser une réunion pour discuter des baux civils et précaires.,6411
-Visio Questions-Réponses - 16 janvier 2025,Suivre la montée en gamme de Véro et planifier des rendez-vous individuels malgré l'embouteillage.,6444
-Visio Questions-Réponses - 16 janvier 2025,Adapter les sessions de formation pour les agents en fonction de leur efficacité en équipe ou individuellement.,6477
-Visio Questions-Réponses - 16 janvier 2025,Évaluer l'efficacité du système ImoDirect pour différents agents et ajuster en conséquence.,6508
-Visio Questions-Réponses - 16 janvier 2025,Aborder les problèmes de personnel chez ImoDirect affectant la collaboration.,6540
-Visio Questions-Réponses - 16 janvier 2025,Discuter avec Julien des problèmes spécifiques rencontrés avec Madame Renouf d'ImoDirect.,6571
-Visio Questions-Réponses - 16 janvier 2025,Discuter avec Julien pour clarifier les informations reçues.,6670
-Visio Questions-Réponses - 16 janvier 2025,Évaluer et améliorer les méthodes de recrutement et de formation pour éviter les non-performants.,6704
-Visio Questions-Réponses - 16 janvier 2025,Assurer une présence et participation active lors des formations ou visioconférences.,6735
-Visio Questions-Réponses - 16 janvier 2025,Identifier et corriger les défauts au sein de l'organisation pour améliorer la réputation.,6768
-Visio Questions-Réponses - 16 janvier 2025,Standardiser les outils et conseils fournis à tous les agents pour maintenir la qualité.,6798
-Visio Questions-Réponses - 16 janvier 2025,Confirmer les rôles et responsabilités des employés pour éviter les malentendus.,6828
-Visio Questions-Réponses - 16 janvier 2025,Réaliser l'audit des logements classés E au DPE avant la prise de mandat.,6861
-Visio Questions-Réponses - 16 janvier 2025,S'assurer que l'audit est transmis aux acquéreurs avant qu'ils fassent une offre.,6891
-Visio Questions-Réponses - 16 janvier 2025,Utiliser les audits énergétiques pour chiffrer les offres de négociation.,6985
-Visio Questions-Réponses - 16 janvier 2025,Envoyer l'audit énergétique par email aux acheteurs intéressés pour conserver une preuve de transmission.,7015
-Visio Questions-Réponses - 16 janvier 2025,Avoir l'audit énergétique disponible dès la prise du mandat pour faciliter les visites.,7046
-Visio Questions-Réponses - 16 janvier 2025,Insister pour que le vendeur réalise l'audit énergétique avant de chercher des acquéreurs.,7085
-Visio Questions-Réponses - 16 janvier 2025,Gérer les communications prioritaires et planifier les appels non urgents pour le lendemain.,7121
-Visio Questions-Réponses - 16 janvier 2025,Assurer la clarté dans la présentation des prix et des coûts associés dans les annonces.,7152
-Visio Questions-Réponses - 16 janvier 2025,"Préparer les audits énergétiques même pour les compromis signés avant l'obligation légale, en anticipant les exigences des notaires.",7184
-Visio Questions-Réponses - 16 janvier 2025,Ne pas appliquer de rétractation pour les compromis signés avant 2024.,7311
-Visio Questions-Réponses - 16 janvier 2025,Utiliser des audits pour négocier les offres d'achat.,7343
-Visio Questions-Réponses - 16 janvier 2025,Réaliser un audit en même temps que le diagnostic.,7377
-Visio Questions-Réponses - 16 janvier 2025,Confirmer l'absence d'audit pour les compromis signés avant le 31 décembre.,7407
-Visio Questions-Réponses - 16 janvier 2025,Prioriser les appels en fonction des relations personnelles.,7438
-Visio Questions-Réponses - 16 janvier 2025,Exiger un audit pour les mandats en cours classés en catégorie E.,7470
-Visio Questions-Réponses - 16 janvier 2025,Utiliser les visioconférences pour des mises à jour régulières.,7500
-Visio Questions-Réponses - 16 janvier 2025,S'assurer que les outils de visioconférence fonctionnent correctement.,7533
-Visio Questions-Réponses - 16 janvier 2025,Continuer à suivre l'évolution du marché de la vente.,7563
-Visio Questions-Réponses - 16 janvier 2025,Ignorer les exagérations des concurrents sur l'état du marché.,7599
-Visio Questions-Réponses - 16 janvier 2025,Ne pas croire aveuglément les déclarations optimistes des entreprises en difficulté.,7632
-Visio Questions-Réponses - 16 janvier 2025,Observer les signaux du marché pour évaluer personnellement l'amélioration de la situation.,7663
-Visio Questions-Réponses - 16 janvier 2025,Prendre en compte les expériences diverses des confrères pour évaluer la situation du marché local.,7694
-Visio Questions-Réponses - 16 janvier 2025,Se concentrer sur les biens avec travaux et premier prix pour augmenter les chances d'embauche.,7726
-Visio Questions-Réponses - 16 janvier 2025,Prioriser la rentrée de mandats pour assurer la stabilité de l'activité.,7769
-Visio Questions-Réponses - 16 janvier 2025,Organiser les communications internes en respectant les priorités établies.,7800
-Visio Questions-Réponses - 16 janvier 2025,Gérer efficacement les tâches administratives pour maintenir une bonne organisation.,7831
