fichier,url,date,resume,titre
Visio Questions-Réponses - 13 mars 2025,https://youtu.be/R2NE2SjpZ5c,2025-10-07,"La formation aborde plusieurs sujets, notamment la mise en place d'un nouvel outil d'édition d'attestation de mandat, l'importance de rentrer des mandats dans le contexte actuel, et les procédures à suivre pour les ventes sous tutelle, ainsi que l'introduction au viager.",Annonces et outils pour agents immobiliers
Visio Questions-Réponses - 16 janvier 2025,https://youtu.be/yglzx_7YXLY,2025-10-06,"La formation aborde divers sujets liés à la mise à jour des cartes professionnelles, l'importance des documents de qualité, et les nouvelles réglementations concernant le logement décent, notamment l'impact des DPE sur la location et la vente. Les participants sont encouragés à respecter les délais et à s'adapter aux changements législatifs.",Visio sur l'églantine et RCP 2025
Visio Questions-Réponses - 13 février 2025,https://youtu.be/OzKDyjLujb8,2025-10-06,"La formation aborde la commercialisation des terrains, en insistant sur les vérifications nécessaires, comme le statut constructible, les servitudes et les droits de préemption. Elle souligne également l'importance des certificats d'urbanisme et des études de sol pour éviter des litiges.",Comprendre la vente de terrains immobiliers
nan,nan,nan,nan,nan
nan,nan,nan,nan,nan
nan,nan,nan,nan,nan
nan,nan,nan,nan,nan
nan,nan,nan,nan,nan
nan,nan,nan,nan,nan
nan,nan,nan,nan,nan
nan,nan,nan,nan,nan
nan,nan,nan,nan,nan
nan,nan,nan,nan,nan
nan,nan,nan,nan,nan
nan,nan,nan,nan,nan
